final,and_rule,disagree,hard_veto,kw_score,kw_keep,llm_score,llm_keep,prep,n_obs,source_dataset,source_food_id,description,kw_reasons,llm_reason,wrong_class
DROP,DROP,,,0.05,,0.00,,other,14,sr28,18223,"Crackers, milk",-dish/prepared,"Crackers, baked composite product",plant
DROP,DROP,,,0.05,,0.00,,other,17,sr28,19421,"Snacks, potato chips, cheese-flavor",-dish/prepared,"Potato chips snack, not dairy",plant
DROP,DROP,Y,,0.65,Y,0.00,,other,27,fdc_sr_legacy,169771,"Taquitos, frozen, chicken and cheese, oven-heated",,"Taquitos, composite frozen dish",
DROP,DROP,,,0.05,,0.00,,other,27,fdc_sr_legacy,167530,"Crackers, cream, Gamesa Sabrosas",-dish/prepared,Branded crackers,plant
DROP,DROP,,Y,0.00,,0.00,,other,21,sr28,21278,"DOMINO'S 14"" Cheese Pizza, Ultimate Deep Dish Crust",-brand -dish/prepared,"Branded pizza, composite dish",
DROP,DROP,,,0.05,,0.00,,other,1,fdc_sr_legacy,171660,"Cereals, CREAM OF WHEAT, instant, dry",-dish/prepared,"Cream of Wheat cereal, not dairy",plant
DROP,DROP,,,0.05,,0.00,,other,28,fdc_sr_legacy,173336,"Burrito, bean and cheese, frozen",-dish/prepared,"Burrito, composite dish",
DROP,DROP,,Y,0.00,,0.00,,other,26,fdc_sr_legacy,172042,"PIZZA HUT 12"" Cheese Pizza, THIN 'N CRISPY Crust",-brand -dish/prepared,"Branded pizza, composite dish",
DROP,DROP,,,0.05,,0.00,,other,25,fdc_sr_legacy,173327,"HOT POCKETS Ham 'N Cheese Stuffed Sandwich, frozen",-dish/prepared,"Hot Pockets sandwich, composite",
DROP,DROP,,Y,0.05,,0.00,,other,19,sr28,1161,"Cheese substitute, mozzarella",-imitation,"Cheese substitute, imitation product",
DROP,DROP,,Y,0.00,,0.00,,other,25,fdc_sr_legacy,172047,"LITTLE CAESARS 14"" Original Round Cheese Pizza, Regular Crust",+cut/part -brand -dish/prepared,"Branded pizza, composite dish",
DROP,DROP,,Y,0.00,,0.00,,other,23,fdc_sr_legacy,170727,"BURGER KING, WHOPPER, no cheese",-brand -dish/prepared,"Whopper burger, fast food dish",
DROP,DROP,,,0.05,,0.00,,other,15,fdc_sr_legacy,170244,"Snacks, corn-based, extruded, puffs or twists, cheese-flavor, unenriched",-dish/prepared,"Corn puffs snack, not dairy",plant
DROP,DROP,Y,,0.65,Y,0.00,,other,4,sr28,14130,"Carbonated beverage, cream soda",,"Cream soda beverage, not dairy",
DROP,DROP,Y,,0.65,Y,0.00,,other,25,sr28,16398,"Peanut butter, smooth style, without salt",,"Peanut butter, plant not dairy",plant
DROP,DROP,Y,,0.65,Y,0.00,,other,26,fdc_sr_legacy,174266,"Peanut butter, smooth style, with salt (Includes foods for USDA's Food Distribution Program)",,"Peanut butter, plant not dairy",plant
DROP,DROP,,,0.05,,0.00,,other,25,fdc_sr_legacy,173341,"Macaroni and cheese, dry mix, prepared with 2% milk and 80% stick margarine from dry mix",-dish/prepared,"Macaroni and cheese, composite dish",
DROP,DROP,,Y,0.00,,0.00,,other,22,fdc_sr_legacy,170323,"WENDY'S, Jr. Hamburger, without cheese",-brand -dish/prepared,"Fast food hamburger, composite dish",
DROP,DROP,,Y,0.00,,0.00,,other,31,fdc_foundation,2257046,"Oat milk, unsweetened, plain, refrigerated",-plant-analog(wrong-class),"Oat milk, plant not dairy",plant
DROP,DROP,,Y,0.00,,0.00,,other,26,sr28,21078,"Fast foods, nachos, with cheese",-fastfood/babyfood/restaurant -multi-ingredient,"Fast food nachos, composite dish",
DROP,DROP,,Y,0.00,,0.00,,other,26,fdc_sr_legacy,170292,"Fast foods, nachos, with cheese, beans, ground beef, and tomatoes",-fastfood/babyfood/restaurant -multi-ingredient,"Nachos with beef, composite dish",
DROP,DROP,,,0.05,,0.00,,other,5,sr28,8106,"Cereals, CREAM OF WHEAT, instant, dry",-dish/prepared,"Cream of Wheat cereal, not dairy",plant
DROP,DROP,,Y,0.00,,0.00,,other,28,sr28,21283,"PAPA JOHN'S 14"" Cheese Pizza, Original Crust",-brand -dish/prepared,"Branded pizza, composite dish",
DROP,DROP,,Y,0.00,,0.00,,other,29,fdc_sr_legacy,172032,"Fast foods, english muffin, with cheese and sausage",-fastfood/babyfood/restaurant -dish/prepared -multi-ingredient,"Fast food muffin sandwich, composite",
DROP,DROP,,Y,0.00,,0.00,,other,24,sr28,21262,"TACO BELL, Soft Taco with chicken, cheese and lettuce",-brand -dish/prepared -multi-ingredient,"Taco Bell soft taco, composite dish",
DROP,DROP,,Y,0.00,,0.00,,other,29,fdc_sr_legacy,173292,"Fast Food, Pizza Chain, 14"" pizza, cheese topping, regular crust",-fastfood/babyfood/restaurant -dish/prepared,"Fast food pizza, composite dish",
DROP,DROP,,Y,0.00,,0.00,,other,29,sr28,21299,"Fast Food, Pizza Chain, 14"" pizza, cheese topping, regular crust",-fastfood/babyfood/restaurant -dish/prepared,"Fast food pizza, composite dish",
DROP,DROP,,Y,0.00,,0.00,,other,29,sr28,36052,"Restaurant, Mexican, cheese quesadilla",-fastfood/babyfood/restaurant,"Restaurant quesadilla, composite dish",
DROP,DROP,,,0.05,,0.00,,other,7,sr28,18241,"Croissants, cheese",-dish/prepared,"Cheese croissant, composite pastry",
DROP,DROP,,Y,0.00,,0.00,,other,34,fdc_foundation,1750337,"Soy milk, unsweetened, plain, shelf stable",-plant-analog(wrong-class),"Soy milk, plant not dairy",plant
DROP,DROP,,,0.05,,0.00,,other,23,fdc_sr_legacy,174984,"Crackers, standard snack-type, sandwich, with peanut butter filling",-dish/prepared,"Peanut butter crackers, composite snack",plant
DROP,DROP,,Y,0.00,,0.00,,other,27,sr28,21511,"Fast Food, Pizza Chain, 14"" pizza, cheese topping, stuffed crust",-fastfood/babyfood/restaurant -dish/prepared,"Fast food stuffed pizza, composite",
DROP,DROP,Y,,0.65,Y,0.00,,other,21,sr28,19120,"Candies, milk chocolate",,"Milk chocolate candy, composite",
DROP,DROP,,Y,0.00,,0.00,,other,25,fdc_sr_legacy,173289,"LITTLE CAESARS 14"" Cheese Pizza, Thin Crust",-brand -dish/prepared,"Branded pizza, composite dish",
DROP,DROP,,,0.05,,0.00,,other,28,fdc_sr_legacy,174975,"Crackers, cheese, regular",-dish/prepared,"Cheese crackers, composite snack",plant
DROP,DROP,,,0.05,,0.00,,other,22,fdc_sr_legacy,168958,"Pasta mix, Italian four cheese lasagna, unprepared",-dish/prepared,"Lasagna pasta mix, composite dish",
DROP,DROP,,,0.00,,0.00,,other,26,fdc_sr_legacy,167657,"ON THE BORDER, soft taco with ground beef, cheese and lettuce",-dish/prepared -multi-ingredient,"Restaurant soft taco, composite dish",
DROP,DROP,,Y,0.00,,0.00,,other,19,fdc_sr_legacy,170763,"Fast foods, taco with beef, cheese and lettuce, soft",-fastfood/babyfood/restaurant -dish/prepared -multi-ingredient,"Fast food taco, composite dish",
DROP,DROP,,,0.05,,0.00,,other,22,sr28,32017,"Pasta mix, Italian four cheese lasagna, unprepared",-dish/prepared,"Lasagna pasta mix, composite dish",
DROP,DROP,,Y,0.00,,0.00,,other,26,sr28,21272,"PIZZA HUT 12"" Cheese Pizza, Pan Crust",-brand -dish/prepared,"Branded pizza, composite dish",
DROP,DROP,,,0.05,,0.00,,other,24,fdc_sr_legacy,174070,"Sauce, peanut, made from peanut butter, water, soy sauce",-dish/prepared,"Peanut sauce, composite condiment",
DROP,DROP,,Y,0.05,,0.00,,other,3,sr28,1074,"Sour cream, imitation, cultured",-imitation,"Imitation sour cream, composite substitute",
DROP,DROP,,Y,0.00,,0.00,,other,22,sr28,21241,"WENDY'S, Jr. Hamburger, without cheese",-brand -dish/prepared,"Fast food hamburger, composite dish",
DROP,DROP,,,0.05,,0.00,,other,25,fdc_sr_legacy,169835,"T.G.I. FRIDAY'S, macaroni & cheese, from kid's menu",-dish/prepared,"Restaurant mac and cheese, composite",
DROP,DROP,,,0.00,,0.00,,other,27,sr28,22976,"Ravioli, cheese with tomato sauce, frozen, not prepared, includes regular and light entrees",-dish/prepared -multi-ingredient,"Cheese ravioli with sauce, composite",
DROP,DROP,,Y,0.00,,0.01,,other,24,fdc_sr_legacy,173282,"DOMINO'S 14"" Cheese Pizza, Classic Hand-Tossed Crust",-brand -dish/prepared,Branded pizza,
DROP,DROP,,Y,0.00,,0.01,,other,25,fdc_sr_legacy,172050,"LITTLE CAESARS 14"" Cheese Pizza, Large Deep Dish Crust",-brand -dish/prepared,Branded pizza,
DROP,DROP,,,0.05,,0.01,,other,25,sr28,36009,"T.G.I. FRIDAY'S, macaroni & cheese, from kid's menu",-dish/prepared,Branded mac and cheese,
DROP,DROP,,Y,0.00,,0.01,,other,24,fdc_sr_legacy,170785,"Fast foods, crispy chicken in tortilla, with lettuce, cheese, and ranch sauce",-fastfood/babyfood/restaurant -dish/prepared -multi-ingredient,Fast food composite,
DROP,DROP,,Y,0.00,,0.01,,other,26,sr28,36613,"DENNY'S, macaroni & cheese, from kid's menu",-brand -dish/prepared,Branded mac and cheese,
DROP,DROP,Y,,0.65,Y,0.01,,other,27,sr28,36049,"ON THE BORDER, cheese enchilada",,Branded enchilada dish,
DROP,DROP,,Y,0.00,,0.01,,other,29,fdc_sr_legacy,167658,"Restaurant, Mexican, soft taco with ground beef, cheese and lettuce",-fastfood/babyfood/restaurant -dish/prepared -multi-ingredient,Restaurant taco composite,
DROP,DROP,,Y,0.00,,0.01,,other,18,sr28,21507,"WENDY'S, Double Stack, with cheese",-brand -multi-ingredient,Branded burger,
DROP,DROP,,Y,0.00,,0.01,,other,25,sr28,21292,"LITTLE CAESARS 14"" Cheese Pizza, Thin Crust",-brand -dish/prepared,Branded pizza,
DROP,DROP,,,0.05,,0.01,,other,24,sr28,18215,"Crackers, cheese, sandwich-type with peanut butter filling",-dish/prepared,Cracker sandwich composite,
DROP,DROP,,Y,0.00,,0.01,,other,23,sr28,21293,"PIZZA HUT 14"" Cheese Pizza, Hand-Tossed Crust",-brand -dish/prepared,Branded pizza,
DROP,DROP,,Y,0.00,,0.01,,other,18,fdc_sr_legacy,170784,"WENDY'S, Double Stack, with cheese",-brand -multi-ingredient,Branded burger,
DROP,DROP,,,0.05,,0.01,,other,7,sr28,18234,"Crackers, wheat, sandwich, with peanut butter filling",-dish/prepared,Cracker sandwich composite,
DROP,DROP,,Y,0.00,,0.01,,other,27,fdc_sr_legacy,170774,"PIZZA HUT 14"" Cheese Pizza, Stuffed Crust",-brand -dish/prepared,Branded pizza,
DROP,DROP,,Y,0.00,,0.01,,other,26,fdc_sr_legacy,172041,"PIZZA HUT 12"" Cheese Pizza, Pan Crust",-brand -dish/prepared,Branded pizza,
DROP,DROP,,,0.05,,0.01,,other,26,fdc_sr_legacy,172727,"Cookies, peanut butter, commercially prepared, regular",-dish/prepared,Peanut butter cookies,
DROP,DROP,,Y,0.00,,0.01,,other,30,fdc_sr_legacy,173294,"Fast Food, Pizza Chain, 14"" pizza, cheese topping, thin crust",-fastfood/babyfood/restaurant -dish/prepared,Fast food pizza,
DROP,DROP,Y,,0.65,Y,0.01,,other,13,sr28,18418,"Cake, pound, commercially prepared, other than all butter, unenriched",,Pound cake,
DROP,DROP,,,0.05,,0.01,,other,12,sr28,18090,"Cake, boston cream pie, commercially prepared",-dish/prepared,Boston cream pie cake,
DROP,DROP,,Y,0.05,,0.01,,other,29,sr28,36611,"DENNY'S, mozzarella cheese sticks",-brand,Branded fried cheese sticks,
DROP,DROP,,Y,0.00,,0.01,,other,29,sr28,21020,"Fast foods, english muffin, with cheese and sausage",-fastfood/babyfood/restaurant -dish/prepared -multi-ingredient,Fast food muffin sandwich,
DROP,DROP,,Y,0.00,,0.01,,other,29,fdc_sr_legacy,173293,"Fast Food, Pizza Chain, 14"" pizza, cheese topping, thick crust",-fastfood/babyfood/restaurant -dish/prepared,Fast food pizza,
DROP,DROP,,Y,0.00,,0.01,,other,23,sr28,21252,"BURGER KING, WHOPPER, no cheese",-brand -dish/prepared,Fast-food burger,
DROP,DROP,,Y,0.00,,0.02,,other,23,sr28,21260,"TACO BELL, Original Taco with beef, cheese and lettuce",-brand -dish/prepared -multi-ingredient,"TACO BELL taco, composite fast food",
DROP,DROP,Y,,0.65,Y,0.02,,other,13,sr28,18103,"Coffeecake, cheese",,"Coffeecake, baked composite dish",plant
DROP,DROP,,,0.00,,0.02,,other,25,fdc_sr_legacy,169036,"CARRABBA'S ITALIAN GRILL, cheese ravioli with marinara sauce",-dish/prepared -multi-ingredient,"Restaurant ravioli with sauce, composite",
DROP,DROP,,Y,0.00,,0.02,,other,23,sr28,21295,"PIZZA HUT 14"" Cheese Pizza, THIN 'N CRISPY Crust",-brand -dish/prepared,"Pizza Hut pizza, composite",
DROP,DROP,,Y,0.00,,0.02,,other,24,fdc_sr_legacy,173287,"PAPA JOHN'S 14"" Cheese Pizza, Thin Crust",-brand -dish/prepared,"Papa John's pizza, composite",
DROP,DROP,,Y,0.00,,0.02,,other,28,sr28,36056,"Restaurant, Mexican, cheese tamales",-fastfood/babyfood/restaurant,"Restaurant cheese tamales, composite",
DROP,DROP,,Y,0.00,,0.02,,other,24,fdc_sr_legacy,170732,"TACO BELL, Soft Taco with chicken, cheese and lettuce",-brand -dish/prepared -multi-ingredient,"Taco Bell taco, composite",
DROP,DROP,,Y,0.00,,0.02,,other,24,fdc_sr_legacy,170788,"Fast foods, breadstick, soft, prepared with garlic and parmesan cheese",-fastfood/babyfood/restaurant -multi-ingredient,"Fast food breadstick, composite",plant
DROP,DROP,,Y,0.00,,0.02,,other,28,fdc_sr_legacy,173284,"PAPA JOHN'S 14"" Cheese Pizza, Original Crust",-brand -dish/prepared,"Papa John's pizza, composite",
DROP,DROP,,,0.05,,0.02,,other,28,sr28,36040,"CRACKER BARREL, macaroni n' cheese",-dish/prepared,"Cracker Barrel mac n cheese, composite",
DROP,DROP,,Y,0.00,,0.02,,other,20,sr28,21061,"Fast foods, burrito, with beans and cheese",-fastfood/babyfood/restaurant -dish/prepared -multi-ingredient,"Fast food burrito, composite",
DROP,DROP,,Y,0.00,,0.02,,other,25,sr28,21290,"LITTLE CAESARS 14"" Cheese Pizza, Large Deep Dish Crust",-brand -dish/prepared,"Little Caesars pizza, composite",
DROP,DROP,,,0.05,,0.02,,other,35,sr28,22910,"Lasagna, cheese, frozen, prepared",-dish/prepared,"Frozen lasagna, composite",
DROP,DROP,Y,,0.65,Y,0.02,,other,25,fdc_sr_legacy,169034,"ON THE BORDER, cheese quesadilla",,"Restaurant quesadilla, composite",
DROP,DROP,,,0.05,,0.02,,other,23,sr28,18231,"Crackers, standard snack-type, sandwich, with peanut butter filling",-dish/prepared,"Peanut butter cracker sandwich, composite",plant
DROP,DROP,,,0.05,,0.02,,other,12,sr28,18421,"Cookies, butter, commercially prepared, unenriched",-dish/prepared,"Butter cookies, baked composite",plant
DROP,DROP,Y,,0.65,Y,0.02,,other,29,fdc_sr_legacy,172704,"Cake, pound, commercially prepared, butter (includes fresh and frozen)",,"Pound cake, baked composite",plant
DROP,DROP,,Y,0.00,,0.02,,other,26,sr28,21080,"Fast foods, nachos, with cheese, beans, ground beef, and tomatoes",-fastfood/babyfood/restaurant -multi-ingredient,"Fast food nachos, composite",
DROP,DROP,,Y,0.00,,0.02,,other,28,sr28,21064,"Fast foods, burrito, with beans, cheese, and beef",-fastfood/babyfood/restaurant -dish/prepared -multi-ingredient,"Fast food burrito, composite",
DROP,DROP,,Y,0.00,,0.02,,other,26,fdc_sr_legacy,168078,"DENNY'S, macaroni & cheese, from kid's menu",-brand -dish/prepared,"Denny's mac and cheese, composite",
DROP,DROP,,Y,0.00,,0.02,,other,22,sr28,21279,"DOMINO'S 14"" Cheese Pizza, Crunchy Thin Crust",-brand -dish/prepared,"Domino's pizza, composite",
DROP,DROP,,Y,0.00,,0.02,,other,23,fdc_sr_legacy,170332,"TACO BELL, Original Taco with beef, cheese and lettuce",-brand -dish/prepared -multi-ingredient,"Taco Bell taco, composite",
DROP,DROP,,,0.05,,0.02,,other,3,sr28,19049,"Snacks, M&M MARS, COMBOS Snacks Cheddar Cheese Pretzel",-dish/prepared,"Combos cheese pretzel snack, composite",plant
DROP,DROP,,Y,0.00,,0.02,,other,30,sr28,21301,"Fast Food, Pizza Chain, 14"" pizza, cheese topping, thin crust",-fastfood/babyfood/restaurant -dish/prepared,"Fast food pizza chain, composite",
DROP,DROP,,Y,0.00,,0.02,,other,29,sr28,21159,"SUBWAY, steak & cheese sub on white bread with American cheese, lettuce and tomato",-brand -dish/prepared -multi-ingredient,"Subway steak cheese sub, composite",
DROP,DROP,,Y,0.00,,0.02,,other,23,fdc_sr_legacy,170722,"WENDY'S, CLASSIC SINGLE Hamburger, no cheese",-brand -dish/prepared,"Wendy's hamburger, composite",muscle
DROP,DROP,,,0.05,,0.02,,other,1,fdc_sr_legacy,169583,"Candies, MARS SNACKFOOD US, M&M's Milk Chocolate Candies",-dish/prepared,"M&M's candy, composite",
DROP,DROP,,Y,0.00,,0.02,,other,27,sr28,21512,"PIZZA HUT 14"" Cheese Pizza, Stuffed Crust",-brand -dish/prepared,"Pizza Hut stuffed crust pizza, composite",
DROP,DROP,,Y,0.00,,0.02,,other,26,fdc_sr_legacy,170291,"Fast foods, nachos, with cheese",-fastfood/babyfood/restaurant -multi-ingredient,Fast food nachos composite,
DROP,DROP,,,0.05,,0.02,,other,26,sr28,18185,"Cookies, peanut butter, commercially prepared, regular",-dish/prepared,"Cookies, composite baked good",
DROP,DROP,,,0.05,,0.02,,other,28,sr28,22918,"Burrito, bean and cheese, frozen",-dish/prepared,"Burrito, composite dish",
DROP,DROP,,Y,0.00,,0.02,,other,29,sr28,36050,"Restaurant, Mexican, cheese enchilada",-fastfood/babyfood/restaurant,Restaurant enchilada dish,
DROP,DROP,,,0.00,,0.02,,other,27,sr28,36054,"OLIVE GARDEN, cheese ravioli with marinara sauce",-dish/prepared -multi-ingredient,Restaurant ravioli dish,
DROP,DROP,,Y,0.00,,0.02,,other,19,sr28,21486,"Fast foods, taco with beef, cheese and lettuce, soft",-fastfood/babyfood/restaurant -dish/prepared -multi-ingredient,Fast food taco composite,
DROP,DROP,,,0.05,,0.02,,other,28,fdc_sr_legacy,169849,"CRACKER BARREL, macaroni n' cheese",-dish/prepared,Restaurant mac and cheese,
DROP,DROP,,,0.00,,0.02,,other,26,sr28,18927,"Crackers, cheese, sandwich-type with cheese filling",-dish/prepared -multi-ingredient,"Cheese crackers, composite snack",
DROP,DROP,,Y,0.00,,0.02,,other,29,fdc_sr_legacy,170311,"Fast foods, submarine sandwich, steak and cheese on white bread with cheese, lettuce and tomato",-fastfood/babyfood/restaurant -dish/prepared -multi-ingredient,Fast food submarine sandwich,
DROP,DROP,,Y,0.00,,0.02,,other,28,sr28,36017,"Restaurant, family style, macaroni & cheese, from kids' menu",-fastfood/babyfood/restaurant -dish/prepared,Restaurant mac and cheese,
DROP,DROP,,Y,0.00,,0.02,,other,23,sr28,21082,"Fast foods, taco with beef, cheese and lettuce, hard shell",-fastfood/babyfood/restaurant -dish/prepared -multi-ingredient,Fast food taco composite,
DROP,DROP,Y,,0.65,Y,0.02,,other,17,sr28,18121,"Cake, pound, commercially prepared, other than all butter, enriched",,"Pound cake, baked good",
DROP,DROP,Y,,0.65,Y,0.02,,other,20,sr28,11940,"Pickles, cucumber, sweet (includes bread and butter pickles)",,"Sweet pickles, vegetable not dairy",plant
DROP,DROP,,Y,0.00,,0.02,,other,23,sr28,21294,"PIZZA HUT 14"" Cheese Pizza, Pan Crust",-brand -dish/prepared,Branded pizza,
DROP,DROP,,Y,0.00,,0.02,,other,21,fdc_sr_legacy,173283,"DOMINO'S 14"" Cheese Pizza, Ultimate Deep Dish Crust",-brand -dish/prepared,Branded deep dish pizza,
DROP,DROP,,,0.05,,0.02,,other,18,sr28,19040,"Snacks, popcorn, cheese-flavor",-dish/prepared,Cheese popcorn snack,plant
DROP,DROP,,Y,0.00,,0.02,,other,23,fdc_sr_legacy,172051,"PIZZA HUT 14"" Cheese Pizza, THIN 'N CRISPY Crust",-brand -dish/prepared,Branded pizza,
DROP,DROP,,Y,0.00,,0.02,,other,24,sr28,21277,"DOMINO'S 14"" Cheese Pizza, Classic Hand-Tossed Crust",-brand -dish/prepared,Branded pizza,
DROP,DROP,,Y,0.00,,0.02,,other,23,fdc_sr_legacy,173291,"PIZZA HUT 14"" Cheese Pizza, Pan Crust",-brand -dish/prepared,Branded pizza,
DROP,DROP,,,0.05,,0.02,,other,5,sr28,18186,"Cookies, peanut butter, commercially prepared, soft-type",-dish/prepared,Peanut butter cookies,
DROP,DROP,,,0.00,,0.02,,other,27,fdc_sr_legacy,169770,"Macaroni and cheese, box mix with cheese sauce, prepared",-dish/prepared -multi-ingredient,Mac and cheese box mix,
DROP,DROP,,,0.00,,0.02,,other,27,fdc_sr_legacy,169037,"OLIVE GARDEN, cheese ravioli with marinara sauce",-dish/prepared -multi-ingredient,Restaurant ravioli dish,
DROP,DROP,,Y,0.00,,0.02,,other,28,fdc_sr_legacy,169839,"Restaurant, family style, macaroni & cheese, from kids' menu",-fastfood/babyfood/restaurant -dish/prepared,Restaurant mac and cheese,
DROP,DROP,,,0.00,,0.02,,other,8,sr28,11392,"Potatoes, hash brown, frozen, with butter sauce, unprepared",-dish/prepared -multi-ingredient,Hash browns with butter sauce,plant
DROP,DROP,,,0.05,,0.02,,other,23,sr28,19057,"Snacks, tortilla chips, nacho cheese",-dish/prepared,Nacho tortilla chips snack,plant
DROP,DROP,,,0.05,,0.02,,other,26,sr28,36609,"CRACKER BARREL, macaroni n' cheese plate, from kid's menu",-dish/prepared,Restaurant mac and cheese,
DROP,DROP,,Y,0.00,,0.02,,other,24,sr28,21520,"Fast foods, breadstick, soft, prepared with garlic and parmesan cheese",-fastfood/babyfood/restaurant -multi-ingredient,Fast food breadstick,
DROP,DROP,,,0.00,,0.02,,other,15,sr28,18230,"Crackers, standard snack-type, sandwich, with cheese filling",-dish/prepared -multi-ingredient,Cheese sandwich crackers,
DROP,DROP,Y,,0.65,Y,0.02,,other,29,sr28,32007,"Taquitos, frozen, beef and cheese, oven-heated",,Frozen beef cheese taquitos,
DROP,DROP,,Y,0.00,,0.02,,other,24,sr28,21517,"Fast foods, crispy chicken in tortilla, with lettuce, cheese, and ranch sauce",-fastfood/babyfood/restaurant -dish/prepared -multi-ingredient,Fast food chicken tortilla,
DROP,DROP,,Y,0.00,,0.02,,other,29,fdc_sr_legacy,170310,"SUBWAY, steak & cheese sub on white bread with American cheese, lettuce and tomato",-brand -dish/prepared -multi-ingredient,Branded steak cheese sub,
DROP,DROP,,Y,0.00,,0.02,,other,29,sr28,36061,"Restaurant, Mexican, soft taco with ground beef, cheese and lettuce",-fastfood/babyfood/restaurant -dish/prepared -multi-ingredient,Restaurant soft taco dish,
DROP,DROP,,,0.05,,0.02,,other,19,sr28,27053,"Dip, OLD EL PASO, Cheese 'n Salsa, medium",-dish/prepared,Branded cheese salsa dip,
DROP,DROP,Y,,0.65,Y,0.02,,other,29,fdc_sr_legacy,169772,"Taquitos, frozen, beef and cheese, oven-heated",,Frozen beef cheese taquitos,
DROP,DROP,,,0.05,,0.02,,other,11,fdc_sr_legacy,167531,"Crackers, cream, La Moderna Rikis Cream Crackers",-dish/prepared,"Cream crackers, branded baked good",plant
DROP,DROP,,Y,0.00,,0.02,,other,28,fdc_sr_legacy,173278,"Fast foods, burrito, with beans, cheese, and beef",-fastfood/babyfood/restaurant -dish/prepared -multi-ingredient,Fast food burrito composite,
DROP,DROP,,,0.05,,0.02,,other,26,sr28,27052,"Dip, salsa con queso, cheese and salsa- medium",-dish/prepared,Salsa con queso dip composite,
DROP,DROP,,Y,0.00,,0.02,,other,19,sr28,21487,"Fast foods, taco with chicken, lettuce and cheese, soft",-fastfood/babyfood/restaurant -dish/prepared -multi-ingredient,Fast food chicken taco,
DROP,DROP,Y,,0.65,Y,0.02,,other,27,sr28,32006,"Taquitos, frozen, chicken and cheese, oven-heated",,Frozen chicken cheese taquitos,
DROP,DROP,,,0.00,,0.02,,other,25,sr28,36053,"CARRABBA'S ITALIAN GRILL, cheese ravioli with marinara sauce",-dish/prepared -multi-ingredient,Restaurant ravioli dish,
DROP,DROP,,Y,0.00,,0.02,,other,29,fdc_sr_legacy,169855,"Restaurant, Mexican, cheese enchilada",-fastfood/babyfood/restaurant,Restaurant composite dish,
DROP,DROP,,,0.05,,0.02,,other,23,fdc_sr_legacy,167949,"Snacks, corn-based, extruded, puffs or twists, cheese-flavor",-dish/prepared,Cheese-flavored corn snack,plant
DROP,DROP,,Y,0.00,,0.02,,other,29,fdc_sr_legacy,167662,"Restaurant, Latino, pupusas con queso (pupusas, cheese)",-fastfood/babyfood/restaurant,Pupusa dish,
DROP,DROP,Y,,0.65,Y,0.02,,other,20,fdc_sr_legacy,169378,"Pickles, cucumber, sweet (includes bread and butter pickles)",,Sweet pickles,plant
DROP,DROP,,,0.05,,0.02,,other,11,sr28,18155,"Cookies, butter, commercially prepared, enriched",-dish/prepared,Butter cookies,
DROP,DROP,,,0.05,,0.02,,other,22,sr28,8573,"Cereals, CREAM OF WHEAT, 2 1/2 minute cook time, dry",-dish/prepared,Wheat cereal,plant
DROP,DROP,,,0.05,,0.02,,other,1,fdc_sr_legacy,173901,"Cereals, CREAM OF WHEAT, regular, 10 minute cooking, dry",-dish/prepared,Wheat cereal,plant
DROP,DROP,,,0.05,,0.02,,other,18,sr28,19043,"Snacks, potato chips, sour-cream-and-onion-flavor",-dish/prepared,Potato chips snack,plant
DROP,DROP,,,0.05,,0.02,,other,25,sr28,22960,"Macaroni and cheese, dry mix, prepared with 2% milk and 80% stick margarine from dry mix",-dish/prepared,Mac and cheese dish,
DROP,DROP,Y,,0.65,Y,0.02,,other,16,sr28,19132,"Candies, milk chocolate, with almonds",,Milk chocolate candy with almonds,
DROP,DROP,Y,,0.65,Y,0.02,,other,11,sr28,19126,"Candies, milk chocolate coated peanuts",,Chocolate-coated peanut candy,
DROP,DROP,,Y,0.00,,0.02,,other,29,sr28,36055,"Restaurant, Italian, cheese ravioli with marinara sauce",-fastfood/babyfood/restaurant -dish/prepared -multi-ingredient,Restaurant ravioli dish,
DROP,DROP,,,0.00,,0.02,,other,27,sr28,32005,"Macaroni and cheese, box mix with cheese sauce, prepared",-dish/prepared -multi-ingredient,Mac and cheese box dish,
DROP,DROP,,,0.05,,0.02,,other,5,sr28,7940,"Macaroni and cheese loaf, chicken, pork and beef",-dish/prepared,Meat loaf product,muscle
DROP,DROP,Y,,0.65,Y,0.02,,other,8,sr28,19127,"Candies, milk chocolate coated raisins",,Chocolate-coated raisin candy,
DROP,DROP,,,0.05,,0.02,,other,14,sr28,18239,"Croissants, butter",-dish/prepared,Butter croissant pastry,
DROP,DROP,,,0.05,,0.02,,other,22,sr28,8104,"Cereals, farina, enriched, assorted brands including CREAM OF WHEAT, quick (1-3 minutes), dry",-dish/prepared,Farina cereal,plant
DROP,DROP,,Y,0.00,,0.02,,other,29,sr28,36409,"Restaurant, Latino, pupusas con queso (pupusas, cheese)",-fastfood/babyfood/restaurant,Restaurant composite dish,
DROP,DROP,,,0.05,,0.02,,other,18,sr28,19802,"Snacks, corn-based, extruded, puffs or twists, cheese-flavor, unenriched",-dish/prepared,"Corn snack, cheese-flavored, not dairy",plant
DROP,DROP,,Y,0.00,,0.02,,other,24,sr28,21261,"TACO BELL, Soft Taco with beef, cheese and lettuce",-brand -dish/prepared -multi-ingredient,Fast-food taco,
DROP,DROP,Y,,0.65,Y,0.02,,other,23,sr28,16399,"Peanut butter with omega-3, creamy",,"Peanut butter, not dairy",plant
DROP,DROP,,,0.05,,0.02,,other,17,sr28,18272,"Ice cream cones, sugar, rolled-type",-dish/prepared,"Ice cream cones, baked grain product",plant
DROP,DROP,,,0.05,,0.02,,other,26,fdc_sr_legacy,167671,"CRACKER BARREL, macaroni n' cheese plate, from kid's menu",-dish/prepared,Restaurant mac and cheese,
DROP,DROP,Y,,0.65,Y,0.02,,other,1,sr28,12169,"Seeds, sesame butter, paste",,"Sesame paste, not dairy",plant
DROP,DROP,,Y,0.00,,0.02,,other,29,fdc_sr_legacy,169038,"Restaurant, Italian, cheese ravioli with marinara sauce",-fastfood/babyfood/restaurant -dish/prepared -multi-ingredient,Restaurant ravioli dish,
DROP,DROP,,,0.00,,0.02,,other,12,sr28,32004,"Macaroni and cheese, box mix with cheese sauce, unprepared",-dish/prepared -multi-ingredient,Box mac and cheese mix,
DROP,DROP,,Y,0.00,,0.02,,other,21,fdc_sr_legacy,168588,"Nuts, almond butter, plain, without salt added",-plant-analog(wrong-class),"Almond butter, not dairy",plant
DROP,DROP,,Y,0.00,,0.02,,other,32,fdc_foundation,2262074,"Almond butter, creamy",-plant-analog(wrong-class),"Almond butter, not dairy",plant
DROP,DROP,,,0.05,,0.02,,other,28,sr28,18214,"Crackers, cheese, regular",-dish/prepared,"Cheese crackers, grain product",plant
DROP,DROP,,Y,0.00,,0.02,,other,4,sr28,21023,"Fast foods, french toast with butter",-fastfood/babyfood/restaurant,Fast-food french toast,
DROP,DROP,,,0.05,,0.02,,other,23,fdc_sr_legacy,167559,"Snacks, tortilla chips, nacho cheese",-dish/prepared,"Tortilla chips, not dairy",plant
DROP,DROP,,,0.05,,0.02,,other,1,sr28,19141,"Candies, MARS SNACKFOOD US, M&M's Milk Chocolate Candies",-dish/prepared,Branded candy,
DROP,DROP,,,0.05,,0.02,,other,3,fdc_sr_legacy,172965,"Macaroni and cheese loaf, chicken, pork and beef",-dish/prepared,Meat-and-cheese loaf composite,
DROP,DROP,,Y,0.00,,0.02,,other,23,fdc_sr_legacy,170689,"Fast foods, taco with beef, cheese and lettuce, hard shell",-fastfood/babyfood/restaurant -dish/prepared -multi-ingredient,Fast-food taco,
DROP,DROP,,Y,0.00,,0.02,,other,28,fdc_sr_legacy,169856,"Restaurant, Mexican, cheese tamales",-fastfood/babyfood/restaurant,Restaurant tamales,
DROP,DROP,,Y,0.00,,0.02,,other,19,fdc_foundation,1999631,"Almond milk, unsweetened, plain, shelf stable",-plant-analog(wrong-class),"Almond milk, not dairy",plant
DROP,DROP,Y,,0.65,Y,0.02,,other,20,fdc_sr_legacy,170155,"Seeds, sunflower seed butter, without salt",,"Sunflower seed butter, not dairy",plant
DROP,DROP,Y,,0.65,Y,0.02,,other,24,sr28,16097,"Peanut butter, chunk style, with salt",,"Peanut butter, not dairy",plant
DROP,DROP,,,0.00,,0.02,,other,26,sr28,36060,"ON THE BORDER, soft taco with ground beef, cheese and lettuce",-dish/prepared -multi-ingredient,Restaurant taco,
DROP,DROP,,Y,0.00,,0.02,,other,29,fdc_sr_legacy,169035,"Restaurant, Mexican, cheese quesadilla",-fastfood/babyfood/restaurant,Restaurant quesadilla,
DROP,DROP,,Y,0.20,,0.02,,raw,1,sr28,12117,"Nuts, coconut milk, raw (liquid expressed from grated meat and water)",+raw -plant-analog(wrong-class),"Coconut milk, not dairy",plant
DROP,DROP,Y,,0.65,Y,0.02,,other,13,sr28,7032,Ham and cheese loaf or roll,,Ham and cheese loaf composite,
DROP,DROP,,Y,0.00,,0.02,,other,24,sr28,21286,"PAPA JOHN'S 14"" Cheese Pizza, Thin Crust",-brand -dish/prepared,Branded pizza,
DROP,DROP,,,0.05,,0.02,,other,27,fdc_sr_legacy,173342,"Macaroni and cheese, frozen entree",-dish/prepared,Frozen mac and cheese,
DROP,DROP,,,0.05,,0.02,,other,3,sr28,8100,"Cereals, CREAM OF RICE, dry",-dish/prepared,"Rice cereal, not dairy",plant
DROP,DROP,Y,,0.65,Y,0.02,,other,16,fdc_sr_legacy,174119,"Beverages, coffee, ready to drink, iced, mocha, milk based",,Coffee beverage composite,
DROP,DROP,Y,,0.65,Y,0.02,,other,25,sr28,36051,"ON THE BORDER, cheese quesadilla",,Restaurant quesadilla,
DROP,DROP,,,0.05,,0.02,,other,15,sr28,18187,"Cookies, peanut butter, refrigerated dough",-dish/prepared,Peanut butter cookies,
DROP,DROP,,Y,0.00,,0.02,,other,24,sr28,21384,"BURGER KING, CROISSAN'WICH with Sausage and Cheese",-brand -dish/prepared -multi-ingredient,Fast-food sandwich,
DROP,DROP,Y,,0.65,Y,0.02,,other,27,fdc_sr_legacy,169854,"ON THE BORDER, cheese enchilada",,Restaurant enchilada,
DROP,DROP,,Y,0.00,,0.02,,other,19,fdc_foundation,1750338,"Almond milk, unsweetened, plain, shelf stable",-plant-analog(wrong-class),"Almond milk, not dairy",plant
DROP,DROP,Y,,0.65,Y,0.02,,other,10,sr28,19701,"Candies, semisweet chocolate, made with butter",,Chocolate candy composite,
DROP,DROP,,,0.05,,0.02,,other,27,sr28,18961,"Crackers, cream, GAMESA SABROSAS",-dish/prepared,"Branded crackers, not dairy",plant
DROP,DROP,,Y,0.00,,0.02,,other,26,sr28,21271,"PIZZA HUT 12"" Cheese Pizza, Hand-Tossed Crust",-brand -dish/prepared,Branded pizza,
DROP,DROP,,Y,0.00,,0.02,,other,20,fdc_sr_legacy,172039,"Fast foods, burrito, with beans and cheese",-fastfood/babyfood/restaurant -dish/prepared -multi-ingredient,Fast-food burrito,
DROP,DROP,,Y,0.00,,0.02,,other,29,sr28,21160,"Fast foods, submarine sandwich, steak and cheese on white bread with cheese, lettuce and tomato",-fastfood/babyfood/restaurant -dish/prepared -multi-ingredient,Fast-food submarine sandwich,
DROP,DROP,,,0.05,,0.02,,other,17,sr28,18190,"Cookies, peanut butter sandwich, regular",-dish/prepared,Peanut butter sandwich cookies,
DROP,DROP,,,0.05,,0.02,,other,35,fdc_sr_legacy,173333,"Lasagna, cheese, frozen, prepared",-dish/prepared,Frozen lasagna dish,
DROP,DROP,,,0.05,,0.02,,other,7,sr28,8102,"Cereals, CREAM OF WHEAT, regular, 10 minute cooking, dry",-dish/prepared,"Wheat cereal, not dairy",plant
DROP,DROP,,Y,0.00,,0.02,,other,24,sr28,36003,"APPLEBEE'S, KRAFT, Macaroni & Cheese, from kid's menu",-brand -dish/prepared,Restaurant mac and cheese dish,
DROP,DROP,,Y,0.00,,0.02,,other,23,fdc_sr_legacy,173290,"PIZZA HUT 14"" Cheese Pizza, Hand-Tossed Crust",-brand -dish/prepared,"Pizza Hut pizza, composite",
DROP,DROP,,Y,0.00,,0.02,,other,23,sr28,21239,"WENDY'S, CLASSIC SINGLE Hamburger, no cheese",-brand -dish/prepared,"Wendy's hamburger, composite",muscle
DROP,DROP,,Y,0.00,,0.02,,other,29,sr28,21300,"Fast Food, Pizza Chain, 14"" pizza, cheese topping, thick crust",-fastfood/babyfood/restaurant -dish/prepared,"Fast food pizza, composite",
DROP,DROP,,Y,0.00,,0.02,,other,27,fdc_sr_legacy,170773,"Fast Food, Pizza Chain, 14"" pizza, cheese topping, stuffed crust",-fastfood/babyfood/restaurant -dish/prepared,"Fast food pizza, composite",
DROP,DROP,,Y,0.00,,0.02,,other,22,fdc_sr_legacy,172043,"DOMINO'S 14"" Cheese Pizza, Crunchy Thin Crust",-brand -dish/prepared,"Domino's pizza, composite",
DROP,DROP,,Y,0.00,,0.02,,other,25,sr28,21287,"LITTLE CAESARS 14"" Original Round Cheese Pizza, Regular Crust",+cut/part -brand -dish/prepared,"Little Caesars pizza, composite",
DROP,DROP,,,0.05,,0.02,,other,22,fdc_sr_legacy,174655,"Cereals, CREAM OF WHEAT, 2 1/2 minute cook time, dry",-dish/prepared,"Cream of Wheat cereal, grain",plant
DROP,DROP,,Y,0.00,,0.02,,other,26,sr28,21273,"PIZZA HUT 12"" Cheese Pizza, THIN 'N CRISPY Crust",-brand -dish/prepared,"Pizza Hut pizza, composite",
DROP,DROP,,Y,0.05,,0.02,,other,29,fdc_sr_legacy,168076,"DENNY'S, mozzarella cheese sticks",-brand,"Denny's mozzarella sticks, composite",
DROP,DROP,,Y,0.00,,0.02,,other,24,fdc_sr_legacy,170333,"TACO BELL, Soft Taco with beef, cheese and lettuce",-brand -dish/prepared -multi-ingredient,"Taco Bell taco, composite",
DROP,DROP,,Y,0.00,,0.02,,other,26,fdc_sr_legacy,172040,"PIZZA HUT 12"" Cheese Pizza, Hand-Tossed Crust",-brand -dish/prepared,"Pizza Hut pizza, composite",
DROP,DROP,,,0.05,,0.02,,other,26,sr28,22537,"HOT POCKETS Ham 'N Cheese Stuffed Sandwich, frozen",-dish/prepared,"Hot Pockets stuffed sandwich, composite",
DROP,DROP,,,0.05,,0.02,,other,4,sr28,19026,"Snacks, granola bars, soft, coated, milk chocolate coating, peanut butter",-dish/prepared,"Granola bar, composite snack",plant
DROP,DROP,,,0.00,,0.02,,other,12,fdc_sr_legacy,169769,"Macaroni and cheese, box mix with cheese sauce, unprepared",-dish/prepared -multi-ingredient,Boxed mac and cheese mix,
DROP,DROP,,,0.05,,0.02,,other,22,sr28,19008,"Snacks, corn-based, extruded, puffs or twists, cheese-flavor",-dish/prepared,"Cheese-flavored corn puffs, composite",plant
DROP,DROP,Y,,0.65,Y,0.02,,other,29,sr28,18120,"Cake, pound, commercially prepared, butter (includes fresh and frozen)",,"Pound cake, composite baked good",
DROP,DROP,,Y,0.00,,0.02,,other,24,fdc_sr_legacy,173316,"BURGER KING, CROISSAN'WICH with Sausage and Cheese",-brand -dish/prepared -multi-ingredient,"Burger King breakfast sandwich, composite",
DROP,DROP,,,0.05,,0.02,,other,27,sr28,22970,"Macaroni and cheese, frozen entree",-dish/prepared,Frozen mac and cheese entree,
DROP,DROP,,Y,0.00,,0.02,,other,24,fdc_sr_legacy,169010,"APPLEBEE'S, KRAFT, Macaroni & Cheese, from kid's menu",-brand -dish/prepared,Applebee's mac and cheese dish,
DROP,DROP,,Y,0.00,,0.02,,other,19,fdc_sr_legacy,170764,"Fast foods, taco with chicken, lettuce and cheese, soft",-fastfood/babyfood/restaurant -dish/prepared -multi-ingredient,"Fast food taco, composite",
DROP,DROP,,,0.40,,0.02,,other,3,sr28,7918,"Sausage, summer, pork and beef, sticks, with cheddar cheese",-multi-ingredient,"Summer sausage with cheese, composite",muscle
DROP,DROP,,,0.05,,0.03,,other,16,sr28,18434,"Crackers, cheese, low sodium",-dish/prepared,"Cheese crackers, composite baked",plant
DROP,DROP,,,0.05,,0.03,,other,20,sr28,8576,"Cereals, CREAM OF WHEAT, 1 minute cook time, dry",-dish/prepared,"Cream of Wheat cereal, grain",plant
DROP,DROP,Y,,0.65,Y,0.03,,other,13,sr28,11948,"Pickles, cucumber, sweet, low sodium (includes bread and butter pickles)",,"Sweet pickles, wrong class",plant
DROP,DROP,,,0.05,,0.03,,other,24,sr28,27059,"Sauce, peanut, made from peanut butter, water, soy sauce",-dish/prepared,"Peanut sauce, composite, not dairy",fat_oil
DROP,DROP,Y,,0.65,Y,0.03,,other,16,sr28,14183,"Beverages, coffee, ready to drink, iced, mocha, milk based",,Iced mocha coffee beverage composite,
DROP,DROP,,,0.05,,0.03,,other,22,fdc_sr_legacy,171658,"Cereals, farina, enriched, assorted brands including CREAM OF WHEAT, quick (1-3 minutes), dry",-dish/prepared,"Farina cereal, grain not dairy",plant
DROP,DROP,,,0.05,,0.03,,other,20,fdc_sr_legacy,173010,"Cereals, CREAM OF WHEAT, 1 minute cook time, dry",-dish/prepared,"Cream of wheat cereal, grain",plant
DROP,DROP,Y,,0.65,Y,0.03,,other,10,fdc_foundation,2758989,"Peanut butter, Creamy",,"Peanut butter, nut not dairy",plant
DROP,DROP,Y,,0.65,Y,0.03,,other,32,fdc_foundation,2262072,"Peanut butter, creamy",,"Peanut butter, nut not dairy",plant
DROP,DROP,,Y,0.00,,0.03,,other,21,fdc_sr_legacy,168603,"Nuts, almond butter, plain, with salt added",-plant-analog(wrong-class),"Almond butter, nut not dairy",plant
DROP,DROP,Y,,0.65,Y,0.03,,other,21,fdc_sr_legacy,168595,"Seeds, sunflower seed butter, with salt added (Includes foods for USDA's Food Distribution Program)",,"Sunflower seed butter, seed not dairy",plant
DROP,DROP,,Y,0.00,,0.03,,other,25,fdc_foundation,2257044,"Soy milk, sweetened, plain, refrigerated",-plant-analog(wrong-class),"Soy milk, plant not dairy",plant
DROP,DROP,,Y,0.00,,0.03,,other,3,sr28,19322,"Puddings, coconut cream, dry mix, instant",-dish/prepared -plant-analog(wrong-class),Coconut pudding dry mix composite,
DROP,DROP,,Y,0.00,,0.03,,other,1,sr28,12588,"Nuts, cashew butter, plain, with salt added",-plant-analog(wrong-class),"Cashew butter, a nut",plant
DROP,DROP,Y,,0.65,Y,0.03,,other,25,fdc_sr_legacy,172470,"Peanut butter, smooth style, without salt",,"Peanut butter, a legume",plant
DROP,DROP,Y,,0.65,Y,0.03,,other,23,fdc_sr_legacy,172469,"Peanut butter, chunk style, without salt",,"Peanut butter, a legume",plant
DROP,DROP,Y,,0.65,Y,0.03,,other,21,sr28,12040,"Seeds, sunflower seed butter, without salt",,Sunflower seed butter,plant
DROP,DROP,,Y,0.00,,0.03,,other,29,fdc_foundation,2257045,"Almond milk, unsweetened, plain, refrigerated",-plant-analog(wrong-class),"Almond milk, plant beverage",plant
DROP,DROP,Y,,0.65,Y,0.03,,other,22,fdc_foundation,324860,"Peanut butter, smooth style, with salt",,"Peanut butter, legume",plant
DROP,DROP,Y,,0.65,Y,0.03,,other,24,fdc_sr_legacy,174265,"Peanut butter, chunk style, with salt",,"Peanut butter, legume",plant
DROP,DROP,Y,,0.65,Y,0.03,,other,21,fdc_sr_legacy,167587,"Candies, milk chocolate",,Milk chocolate candy,
DROP,DROP,Y,,0.65,Y,0.03,,other,13,sr28,14179,"Beverages, coffee, ready to drink, milk based, sweetened",,Sweetened coffee beverage,
DROP,DROP,,Y,0.00,,0.03,,other,34,fdc_foundation,1999630,"Soy milk, unsweetened, plain, shelf stable",-plant-analog(wrong-class),"Soy milk, plant beverage",plant
DROP,DROP,Y,,0.65,Y,0.03,,other,23,sr28,16397,"Peanut butter, chunk style, without salt",,"Peanut butter, legume",plant
DROP,DROP,,Y,0.00,,0.03,,other,21,sr28,12195,"Nuts, almond butter, plain, without salt added",-plant-analog(wrong-class),"Almond butter, nut",plant
DROP,DROP,,Y,0.00,,0.03,,other,2,sr28,19324,"Puddings, coconut cream, dry mix, regular",-dish/prepared -plant-analog(wrong-class),Pudding dry mix composite,
DROP,DROP,,,0.00,,0.03,,other,16,sr28,18225,"Crackers, rye, sandwich-type with cheese filling",-dish/prepared -multi-ingredient,Crackers with cheese filling,plant
DROP,DROP,Y,,0.65,Y,0.03,,other,10,sr28,1110,"Milk shakes, thick chocolate",,"Milkshake, composite dessert",
DROP,DROP,Y,,0.65,Y,0.03,,other,32,fdc_foundation,2262073,"Sesame butter, creamy",,"Sesame butter, seed product",plant
DROP,DROP,,,0.00,,0.03,,other,26,fdc_sr_legacy,167925,"Crackers, cheese, sandwich-type with cheese filling",-dish/prepared -multi-ingredient,"Cheese sandwich crackers, composite",plant
DROP,DROP,,,0.05,,0.03,,other,11,sr28,18962,"Crackers, cream, LA MODERNA RIKIS CREAM CRACKERS",-dish/prepared,"Cream crackers, plant product",plant
DROP,DROP,,,0.00,,0.03,,other,27,fdc_sr_legacy,172113,"Ravioli, cheese with tomato sauce, frozen, not prepared, includes regular and light entrees",-dish/prepared -multi-ingredient,"Cheese ravioli with sauce, composite",
DROP,DROP,,,0.05,,0.03,,other,24,fdc_sr_legacy,174976,"Crackers, cheese, sandwich-type with peanut butter filling",-dish/prepared,Crackers with peanut butter filling,plant
DROP,DROP,,,0.05,,0.03,,other,17,sr28,18271,"Ice cream cones, cake or wafer-type",-dish/prepared,"Ice cream cones, baked plant product",plant
DROP,DROP,Y,,0.65,Y,0.05,,other,26,sr28,16098,"Peanut butter, smooth style, with salt",,"Peanut butter, processed, wrong class",plant
DROP,DROP,Y,,0.65,Y,0.05,,other,22,sr28,12540,"Seeds, sunflower seed butter, with salt added",,"Sunflower seed butter, wrong class",plant
DROP,DROP,,,0.05,,0.05,,other,26,fdc_sr_legacy,174068,"Dip, salsa con queso, cheese and salsa- medium",-dish/prepared,"Salsa con queso dip, composite",
DROP,DROP,,Y,0.00,,0.05,,other,24,sr28,16167,"USDA Commodity, Peanut Butter, smooth",-fastfood/babyfood/restaurant,"Peanut butter, processed, wrong class",plant
DROP,DROP,,,0.05,,0.05,,other,1,sr28,19185,"Puddings, chocolate, dry mix, instant, prepared with whole milk",-dish/prepared,"Chocolate pudding, prepared dish",
DROP,DROP,,Y,0.00,,0.05,,other,4,sr28,12088,"Nuts, cashew butter, plain, without salt added",-plant-analog(wrong-class),"Cashew butter, wrong class",plant
DROP,DROP,Y,,0.65,Y,0.05,,other,11,sr28,1111,"Milk shakes, thick vanilla",,"Vanilla milkshake, composite",
DROP,DROP,Y,,0.65,Y,0.05,,other,9,sr28,1102,"Milk, chocolate, fluid, commercial, whole, with added vitamin A and vitamin D",,"Chocolate flavored milk, composite",
DROP,DROP,Y,,0.65,Y,0.05,,other,13,fdc_sr_legacy,171880,"Beverages, coffee, ready to drink, milk based, sweetened",,"Sweetened coffee drink, composite",
DROP,DROP,,Y,0.00,,0.05,,other,21,sr28,12695,"Nuts, almond butter, plain, with salt added",-plant-analog(wrong-class),"Almond butter, a nut product",plant
DROP,DROP,Y,,0.65,Y,0.05,,other,19,sr28,7033,Ham and cheese spread,,"Ham and cheese spread, composite",
DROP,DROP,,Y,0.00,,0.05,,other,1,fdc_sr_legacy,174832,"Beverages, almond milk, unsweetened, shelf stable",-plant-analog(wrong-class),"Almond milk, plant beverage",plant
DROP,DROP,,Y,0.00,,0.05,,other,14,sr28,14091,"Beverages, almond milk, unsweetened, shelf stable",-plant-analog(wrong-class),"Almond milk, plant beverage",plant
DROP,DROP,Y,,0.65,Y,0.05,,other,24,fdc_sr_legacy,174294,"Peanut Butter, smooth (Includes foods for USDA's Food Distribution Program)",,"Peanut butter, legume product",plant
DROP,DROP,Y,,0.65,Y,0.08,,other,18,sr28,1290,"Kefir, lowfat, strawberry, LIFEWAY",,"Strawberry kefir, branded flavored",
DROP,DROP,,,0.40,,0.08,,other,3,sr28,1059,"Milk, filled, fluid, with blend of hydrogenated vegetable oils",-multi-ingredient,Filled milk with hydrogenated oils,
DROP,DROP,Y,,0.65,Y,0.08,,other,19,sr28,1281,"Yogurt, Greek, nonfat, strawberry, CHOBANI",,Branded flavored yogurt,
DROP,DROP,Y,,0.65,Y,0.08,,other,16,fdc_sr_legacy,171301,"Kefir, lowfat, strawberry, LIFEWAY",,Branded flavored kefir,
DROP,DROP,Y,,0.65,Y,0.08,,other,18,fdc_sr_legacy,171297,"Yogurt, Greek, strawberry, DANNON OIKOS",,Branded flavored Greek yogurt,
DROP,DROP,Y,,0.65,Y,0.08,,other,20,sr28,1278,"Yogurt, Greek, nonfat, vanilla, DANNON OIKOS",,Branded flavored Greek yogurt,
DROP,DROP,Y,,0.65,Y,0.08,,other,18,sr28,1275,"Yogurt, Greek, nonfat, vanilla, CHOBANI",,Branded flavored Greek yogurt,
DROP,DROP,Y,,0.65,Y,0.10,,other,20,fdc_sr_legacy,171300,"Yogurt, Greek, strawberry, lowfat",,"Strawberry flavored yogurt, fruit added",
DROP,DROP,Y,,0.65,Y,0.10,,other,7,sr28,1292,"Milk, chocolate, fat free, with added vitamin A and vitamin D",,"Chocolate milk, flavored composite",
DROP,DROP,Y,,0.65,Y,0.10,,other,25,fdc_sr_legacy,170910,"Milk, chocolate, lowfat, reduced sugar",,"Chocolate milk, flavored composite",
DROP,DROP,Y,,0.65,Y,0.10,,other,6,sr28,1203,"Yogurt, fruit, lowfat, with low calorie sweetener",,"Fruit yogurt, flavored composite",
DROP,DROP,Y,,0.65,Y,0.10,,other,22,fdc_sr_legacy,170901,"Yogurt, Greek, strawberry, nonfat",,"Strawberry Greek yogurt, flavored",
DROP,DROP,Y,,0.65,Y,0.10,,other,1,fdc_sr_legacy,173457,"Yogurt, fruit, low fat, 10 grams protein per 8 ounce, fortified with vitamin D",,"Fruit yogurt, composite",
DROP,DROP,Y,,0.65,Y,0.10,,other,6,sr28,1121,"Yogurt, fruit, low fat, 10 grams protein per 8 ounce",,"Fruit yogurt, composite",
DROP,DROP,Y,,0.65,Y,0.10,,other,1,fdc_sr_legacy,173458,"Yogurt, fruit variety, nonfat, fortified with vitamin D",,"Fruit yogurt, composite",
DROP,DROP,Y,,0.65,Y,0.10,,other,7,sr28,1216,"Yogurt, fruit, low fat, 9 grams protein per 8 ounce, fortified with vitamin D",,"Fruit yogurt, composite",
DROP,DROP,Y,,0.65,Y,0.10,,other,27,fdc_sr_legacy,170896,"Cheese spread, American or Cheddar cheese base, reduced fat",,Processed cheese spread,
DROP,DROP,Y,,0.65,Y,0.10,,other,14,fdc_foundation,2647439,"Cheese, pasteurized process cheese food or product, American, singles",,Processed cheese product singles,
DROP,DROP,Y,,0.65,Y,0.10,,other,19,fdc_sr_legacy,170907,"Yogurt, Greek, vanilla, lowfat",,Vanilla-flavored yogurt,
DROP,DROP,Y,,0.65,Y,0.10,,other,21,sr28,1284,"Yogurt, Greek, strawberry, lowfat",,Strawberry-flavored yogurt,
DROP,DROP,Y,,0.65,Y,0.10,,other,20,fdc_foundation,330415,"Yogurt, Greek, strawberry, nonfat",,Strawberry-flavored yogurt,
DROP,DROP,Y,,0.65,Y,0.10,,other,24,sr28,1305,"Milk, chocolate, lowfat, reduced sugar",,"Flavored chocolate milk, composite",
DROP,DROP,Y,,0.65,Y,0.10,,other,7,sr28,1219,"Yogurt, fruit, lowfat, with low calorie sweetener, fortified with vitamin D",,"Fruit yogurt with sweetener, composite",
DROP,DROP,Y,,0.65,Y,0.10,,other,20,fdc_sr_legacy,171298,"Yogurt, Greek, nonfat, vanilla, DANNON OIKOS",,Vanilla flavored branded Greek yogurt,
DROP,DROP,Y,,0.65,Y,0.10,,other,18,sr28,1276,"Yogurt, Greek, strawberry, DANNON OIKOS",,Strawberry branded Greek yogurt,
DROP,DROP,,Y,0.05,,0.15,,other,9,sr28,44048,"Cheese food, pasteurized process, American, imitation, without added vitamin D",-imitation,"Imitation cheese food, processed",
DROP,DROP,Y,,0.65,Y,0.15,,other,23,sr28,1286,"Yogurt, Greek, vanilla, nonfat",,"Vanilla-flavored yogurt, composite",
DROP,DROP,Y,,0.65,Y,0.20,,other,27,sr28,1259,"Cheese spread, American or Cheddar cheese base, reduced fat",,"Cheese spread, processed composite",
DROP,DROP,Y,,0.65,Y,0.30,,other,9,sr28,1045,"Cheese food, cold pack, American",,"Processed cheese food, cold pack",
DROP,DROP,Y,,0.65,Y,0.30,,other,1,fdc_sr_legacy,172218,"Yogurt, fruit, lowfat, with low calorie sweetener, fortified with vitamin D",,"Fruit yogurt with sweetener, composite",
DROP,DROP,Y,,0.65,Y,0.30,,other,21,fdc_sr_legacy,170881,"Milk, chocolate, lowfat, with added vitamin A and vitamin D",,"Chocolate milk, flavored composite",
DROP,DROP,Y,,0.65,Y,0.30,,other,6,sr28,1120,"Yogurt, fruit, low fat, 9 grams protein per 8 ounce",,"Fruit yogurt, flavored composite",
DROP,DROP,Y,,0.65,Y,0.30,,other,7,sr28,1217,"Yogurt, fruit, low fat, 10 grams protein per 8 ounce, fortified with vitamin D",,"Fruit yogurt, flavored composite",
DROP,DROP,Y,,0.65,Y,0.30,,other,23,sr28,1104,"Milk, chocolate, lowfat, with added vitamin A and vitamin D",,"Chocolate milk, flavored composite",
DROP,DROP,Y,,0.65,Y,0.30,,other,27,sr28,1252,"Cheese product, pasteurized process, American, vitamin D fortified",,"Processed cheese product, multi-ingredient",
DROP,DROP,Y,,0.65,Y,0.30,,other,27,fdc_sr_legacy,171291,"Cheese food, pasteurized process, American, without added vitamin D",,"Processed cheese food, multi-ingredient",
DROP,DROP,Y,,0.65,Y,0.30,,other,27,fdc_sr_legacy,171289,"Cheese product, pasteurized process, American, vitamin D fortified",,"Processed cheese product, multi-ingredient",
DROP,DROP,Y,,0.65,Y,0.30,,other,27,sr28,1046,"Cheese food, pasteurized process, American, vitamin D fortified",,"Processed cheese food, multi-ingredient",
DROP,DROP,Y,,0.65,Y,0.30,,other,27,sr28,1254,"Cheese food, pasteurized process, American, without added vitamin D",,"Processed cheese food, multi-ingredient",
DROP,DROP,Y,,0.65,Y,0.35,,other,6,sr28,1054,"Cream, whipped, cream topping, pressurized",,Pressurized topping with added sugar/stabilizers,
DROP,DROP,Y,,0.65,Y,0.35,,other,27,fdc_sr_legacy,171252,"Cheese food, pasteurized process, American, vitamin D fortified",,Processed cheese food,
DROP,DROP,Y,,0.65,Y,0.35,,other,7,sr28,1047,"Cheese food, pasteurized process, swiss",,Processed cheese food,
DROP,DROP,Y,,0.65,Y,0.35,,other,29,sr28,1042,"Cheese, pasteurized process, American, fortified with vitamin D",,Processed American cheese,
DROP,DROP,Y,,0.65,Y,0.40,,other,22,sr28,1285,"Yogurt, Greek, strawberry, nonfat",,"Flavored strawberry yogurt, added fruit",
DROP,DROP,Y,,0.65,Y,0.40,,other,6,sr28,1122,"Yogurt, fruit, low fat, 11 grams protein per 8 ounce",,"Fruit yogurt, added fruit",
DROP,DROP,Y,,0.65,Y,0.40,,other,1,sr28,1218,"Yogurt, fruit variety, nonfat, fortified with vitamin D",,"Fruit yogurt, added fruit",
DROP,DROP,Y,,0.65,Y,0.40,,other,18,fdc_sr_legacy,171296,"Yogurt, Greek, nonfat, vanilla, CHOBANI",,Vanilla flavored branded yogurt,
DROP,DROP,Y,,0.65,Y,0.40,,other,23,fdc_sr_legacy,170902,"Yogurt, Greek, vanilla, nonfat",,Vanilla flavored Greek yogurt,
DROP,DROP,Y,,0.65,Y,0.40,,other,1,fdc_sr_legacy,173456,"Yogurt, fruit, low fat, 9 grams protein per 8 ounce, fortified with vitamin D",,"Fruit yogurt, added fruit",
DROP,DROP,Y,,0.65,Y,0.40,,other,19,sr28,1280,"Yogurt, Greek, nonfat, strawberry, DANNON OIKOS",,Branded strawberry Greek yogurt,
DROP,DROP,Y,,0.65,Y,0.40,,other,19,fdc_sr_legacy,171299,"Yogurt, Greek, nonfat, strawberry, DANNON OIKOS",,Branded strawberry Greek yogurt,
DROP,DROP,Y,,0.65,Y,0.40,,other,26,sr28,1253,"Cheese, pasteurized process, American, without added vitamin D",,Pasteurized process American cheese,
DROP,DROP,Y,,0.65,Y,0.40,,other,19,sr28,1297,"Yogurt, Greek, vanilla, lowfat",,"Greek vanilla yogurt, flavored/sweetened",
DROP,DROP,Y,,0.65,Y,0.40,,other,15,sr28,1294,"Yogurt, Greek, fruit, whole milk",,"Greek fruit yogurt, composite flavored",
DROP,DROP,Y,,0.65,Y,0.40,,other,15,fdc_sr_legacy,170905,"Yogurt, Greek, fruit, whole milk",,"Greek fruit yogurt, flavored composite",
DROP,DROP,Y,,0.65,Y,0.40,,other,17,sr28,1048,"Cheese spread, pasteurized process, American",,"Processed cheese spread, composite",
DROP,DROP,Y,,0.65,Y,0.40,,other,25,fdc_sr_legacy,171290,"Cheese, pasteurized process, American, without added vitamin D",,Processed cheese with emulsifiers,
DROP,DROP,Y,Y,0.00,,0.60,Y,other,18,fdc_foundation,747429,"Cheese, American, restaurant",-fastfood/babyfood/restaurant,"American cheese, restaurant but single cheese",
KEEP,KEEP,,,0.65,Y,0.55,Y,other,6,sr28,1008,"Cheese, caraway",,Cheese variety with caraway seeds,
KEEP,KEEP,,,0.65,Y,0.60,Y,other,6,fdc_sr_legacy,171312,"Yogurt, Greek, nonfat, plain, CHOBANI",,"Plain nonfat Greek yogurt, branded",
KEEP,KEEP,,,0.65,Y,0.70,Y,other,20,sr28,1107,"Milk, human, mature, fluid",,"Human milk, single-ingredient milk",
KEEP,KEEP,,,0.65,Y,0.70,Y,other,25,fdc_foundation,325198,"Cheese, pasteurized process, American, vitamin D fortified",,"Processed American cheese, single dairy",
KEEP,KEEP,,,0.65,Y,0.70,Y,other,28,fdc_sr_legacy,170853,"Cheese, pasteurized process, American, fortified with vitamin D",,"Processed American cheese, single dairy",
KEEP,KEEP,,,0.65,Y,0.72,Y,other,16,sr28,1044,"Cheese, pasteurized process, swiss",,"Processed swiss cheese, single dairy",
KEEP,KEEP,,,0.65,Y,0.80,Y,other,18,sr28,1204,"Cheese, parmesan, dry grated, reduced fat",,Grated parmesan cheese,
KEEP,KEEP,,,0.65,Y,0.82,Y,other,20,sr28,1092,"Milk, dry, nonfat, instant, with added vitamin A and vitamin D",,"Nonfat dry milk, fortified but single",
KEEP,KEEP,,,0.65,Y,0.85,Y,other,20,sr28,1289,"Kefir, lowfat, plain, LIFEWAY",,Plain lowfat kefir,
KEEP,KEEP,,,0.65,Y,0.85,Y,other,17,fdc_sr_legacy,170904,"Kefir, lowfat, plain, LIFEWAY",,Plain lowfat kefir,
KEEP,KEEP,,,0.65,Y,0.85,Y,other,18,fdc_sr_legacy,171304,"Yogurt, Greek, plain, whole milk",,"Plain Greek yogurt, clean single dairy",
KEEP,KEEP,,,0.65,Y,0.85,Y,other,11,sr28,1112,"Whey, acid, fluid",,"Fluid acid whey, single dairy",
KEEP,KEEP,,,0.65,Y,0.85,Y,other,17,sr28,1114,"Whey, sweet, fluid",,"Fluid sweet whey, single dairy",
KEEP,KEEP,,,0.65,Y,0.85,Y,other,19,fdc_foundation,2259795,"Cheese, parmesan, grated, refrigerated",,Grated parmesan cheese,
KEEP,KEEP,,,0.65,Y,0.85,Y,other,3,sr28,1168,"Cheese, low fat, cheddar or colby",,Low fat cheddar/colby cheese,
KEEP,KEEP,,,0.65,Y,0.85,Y,other,13,sr28,1208,"Cheese, provolone, reduced fat",,Provolone cheese,
KEEP,KEEP,,,0.65,Y,0.85,Y,other,19,sr28,1091,"Milk, dry, nonfat, regular, without added vitamin A and vitamin D",,Nonfat dry milk,
KEEP,KEEP,,,0.65,Y,0.85,Y,other,4,sr28,1146,"Cheese, parmesan, shredded",,Shredded parmesan cheese,
KEEP,KEEP,,,0.65,Y,0.85,Y,other,5,sr28,1084,"Milk, lowfat, fluid, 1% milkfat, protein fortified, with added vitamin A and vitamin D",,Protein-fortified fluid milk,
KEEP,KEEP,,,0.65,Y,0.85,Y,other,18,fdc_sr_legacy,173452,"Cheese, parmesan, dry grated, reduced fat",,Reduced-fat grated parmesan cheese,
KEEP,KEEP,,,0.65,Y,0.90,Y,other,1,sr28,1093,"Milk, dry, nonfat, calcium reduced",,Nonfat dry milk,
KEEP,KEEP,,,0.65,Y,0.90,Y,other,19,sr28,1117,"Yogurt, plain, low fat, 12 grams protein per 8 ounce",,Plain low fat yogurt,
KEEP,KEEP,,,0.65,Y,0.90,Y,other,18,sr28,1293,"Yogurt, Greek, plain, whole milk",,Plain whole milk Greek yogurt,
KEEP,KEEP,,,0.65,Y,0.90,Y,other,24,sr28,1002,"Butter, whipped, with salt",,"Whipped butter, clean single dairy",
KEEP,KEEP,,,0.65,Y,0.90,Y,other,1,sr28,1089,"Milk, low sodium, fluid",,"Low sodium milk, single dairy",
KEEP,KEEP,,,0.65,Y,0.90,Y,other,4,sr28,1080,"Milk, reduced fat, fluid, 2% milkfat, with added nonfat milk solids and vitamin A and vitamin D",,"2% milk fortified, single dairy",
KEEP,KEEP,,,0.65,Y,0.90,Y,other,2,sr28,1021,"Cheese, gjetost",,"Gjetost cheese, single dairy",
KEEP,KEEP,,,0.65,Y,0.90,Y,other,15,sr28,1037,"Cheese, ricotta, part skim milk",,"Part skim ricotta, single dairy",
KEEP,KEEP,,,0.65,Y,0.90,Y,other,2,sr28,1086,"Milk, nonfat, fluid, with added nonfat milk solids, vitamin A and vitamin D (fat free or skim)",,"Nonfat milk fortified, single dairy",
KEEP,KEEP,,,0.65,Y,0.90,Y,other,17,sr28,1014,"Cheese, cottage, nonfat, uncreamed, dry, large or small curd",,"Dry cottage cheese, single dairy",
KEEP,KEEP,,,0.65,Y,0.90,Y,other,24,fdc_sr_legacy,173411,"Butter, whipped, with salt",,"Whipped butter, clean single dairy",
KEEP,KEEP,,,0.65,Y,0.90,Y,other,15,sr28,1169,"Cheese, low-sodium, cheddar or colby",,"Low-sodium cheddar/colby, single dairy",
KEEP,KEEP,,,0.65,Y,0.90,Y,other,2,sr28,1087,"Milk, nonfat, fluid, protein fortified, with added vitamin A and vitamin D (fat free and skim)",,"Nonfat protein-fortified milk, single dairy",
KEEP,KEEP,,,0.65,Y,0.90,Y,other,33,fdc_foundation,746765,"Cheese, dry white, queso seco",,"Queso seco, clean single cheese",
KEEP,KEEP,,,0.65,Y,0.90,Y,other,21,sr28,1012,"Cheese, cottage, creamed, large or small curd",,"Creamed cottage cheese, single dairy",
KEEP,KEEP,,,0.65,Y,0.90,Y,other,17,fdc_foundation,2346384,"Cottage cheese, full fat, large or small curd",,"Full fat cottage cheese, single dairy",
KEEP,KEEP,,,0.65,Y,0.90,Y,other,16,sr28,1212,"Milk, dry, whole, without added vitamin D",,"Dry whole milk, clean dairy",
KEEP,KEEP,,,0.65,Y,0.90,Y,other,7,sr28,1154,"Milk, dry, nonfat, regular, with added vitamin A and vitamin D",,"Nonfat dry milk, clean dairy",
KEEP,KEEP,,,0.65,Y,0.90,Y,other,3,sr28,1083,"Milk, lowfat, fluid, 1% milkfat, with added nonfat milk solids, vitamin A and vitamin D",,"Fluid 1% milk, clean dairy",
KEEP,KEEP,,,0.65,Y,0.90,Y,other,26,sr28,1260,"Cheese, cheddar, reduced fat",,Plain cheddar cheese,
KEEP,KEEP,,,0.65,Y,0.90,Y,other,26,fdc_foundation,329370,"Cheese, mozzarella, low moisture, part-skim",,Part-skim mozzarella,
KEEP,KEEP,,,0.65,Y,0.90,Y,other,13,fdc_foundation,2647443,"Cheese, cotija, solid",,Cotija cheese,
KEEP,KEEP,,,0.65,Y,0.90,Y,other,18,sr28,1011,"Cheese, colby",,Colby cheese,
KEEP,KEEP,,,0.65,Y,0.90,Y,other,1,sr28,1167,"Cheese, mexican, queso chihuahua",,Queso chihuahua cheese,
KEEP,KEEP,,,0.65,Y,0.90,Y,other,16,fdc_foundation,2346385,"Cream cheese, full fat, block",,Cream cheese,
KEEP,KEEP,,,0.65,Y,0.90,Y,other,19,fdc_sr_legacy,170903,"Yogurt, Greek, plain, lowfat",,Plain lowfat Greek yogurt,
KEEP,KEEP,,,0.65,Y,0.90,Y,other,28,fdc_sr_legacy,173418,"Cheese, cream",,Cream cheese,
KEEP,KEEP,,,0.65,Y,0.90,Y,other,9,sr28,1019,"Cheese, feta",,Feta cheese,
KEEP,KEEP,,,0.65,Y,0.90,Y,other,19,fdc_sr_legacy,171255,"Cream, fluid, half and half",,Half and half cream,
KEEP,KEEP,,,0.65,Y,0.90,Y,other,1,sr28,42290,"Milk, fluid, nonfat, calcium fortified (fat free or skim)",,"Nonfat milk, calcium fortified",
KEEP,KEEP,,,0.65,Y,0.90,Y,other,15,sr28,1088,"Milk, buttermilk, fluid, cultured, lowfat",,Cultured buttermilk,
KEEP,KEEP,,,0.65,Y,0.90,Y,other,8,sr28,1155,"Milk, dry, nonfat, instant, without added vitamin A and vitamin D",,Nonfat dry milk,
KEEP,KEEP,,,0.65,Y,0.90,Y,other,16,sr28,1090,"Milk, dry, whole, with added vitamin D",,Whole dry milk,
KEEP,KEEP,,,0.65,Y,0.90,Y,other,25,sr28,1229,"Cheese, white, queso blanco",,Queso blanco cheese,
KEEP,KEEP,,,0.65,Y,0.92,Y,other,16,fdc_sr_legacy,170872,"Milk, lowfat, fluid, 1% milkfat, with added vitamin A and vitamin D",,Plain 1% milk,
KEEP,KEEP,,,0.65,Y,0.92,Y,other,23,sr28,1049,"Cream, fluid, half and half",,Half and half cream,
KEEP,KEEP,,,0.65,Y,0.92,Y,other,22,sr28,1174,"Milk, reduced fat, fluid, 2% milkfat, without added vitamin A and vitamin D",,Plain 2% milk,
KEEP,KEEP,,,0.65,Y,0.92,Y,other,20,sr28,1151,"Milk, nonfat, fluid, without added vitamin A and vitamin D (fat free or skim)",,Plain skim milk,
KEEP,KEEP,,,0.65,Y,0.92,Y,other,5,sr28,1081,"Milk, reduced fat, fluid, 2% milkfat, protein fortified, with added vitamin A and vitamin D",,"Fluid 2% milk, clean dairy",
KEEP,KEEP,,,0.65,Y,0.92,Y,other,18,sr28,1026,"Cheese, mozzarella, whole milk",,Whole milk mozzarella,
KEEP,KEEP,,,0.65,Y,0.92,Y,other,10,fdc_foundation,2647437,"Yogurt, plain, nonfat",,Plain nonfat yogurt,
KEEP,KEEP,,,0.65,Y,0.92,Y,other,9,sr28,1024,"Cheese, limburger",,Single cheese variety,
KEEP,KEEP,,,0.65,Y,0.92,Y,other,21,fdc_sr_legacy,171257,"Cream, sour, cultured",,Cultured sour cream,
KEEP,KEEP,,,0.65,Y,0.92,Y,other,20,sr28,1050,"Cream, fluid, light (coffee cream or table cream)",,Light table cream,
KEEP,KEEP,,,0.65,Y,0.92,Y,other,16,sr28,1052,"Cream, fluid, light whipping",,Light whipping cream,
KEEP,KEEP,,,0.65,Y,0.92,Y,other,16,sr28,1036,"Cheese, ricotta, whole milk",,Whole-milk ricotta cheese,
KEEP,KEEP,,,0.65,Y,0.92,Y,other,17,fdc_foundation,2346387,"Cream, sour, full fat",,Full-fat sour cream,
KEEP,KEEP,,,0.65,Y,0.92,Y,other,4,sr28,1010,"Cheese, cheshire",,Single cheshire cheese,
KEEP,KEEP,,,0.65,Y,0.92,Y,other,28,sr28,1271,"Cheese, mozzarella, low moisture, part-skim, shredded",,Shredded mozzarella cheese,
KEEP,KEEP,,,0.65,Y,0.92,Y,other,26,fdc_sr_legacy,171292,"Cheese, cheddar, reduced fat (Includes foods for USDA's Food Distribution Program)",,Reduced-fat cheddar cheese,
KEEP,KEEP,,,0.65,Y,0.92,Y,other,33,fdc_foundation,746766,"Cheese, ricotta, whole milk",,Whole-milk ricotta cheese,
KEEP,KEEP,,,0.65,Y,0.92,Y,other,13,fdc_foundation,2647440,"Cheese, provolone, sliced",,Sliced provolone cheese,
KEEP,KEEP,,,0.65,Y,0.93,Y,other,37,fdc_foundation,321359,"Milk, reduced fat, fluid, 2% milkfat, with added vitamin A and vitamin D",,"Fluid 2% milk, clean dairy",
KEEP,KEEP,,,0.65,Y,0.93,Y,other,19,sr28,1108,"Milk, indian buffalo, fluid",,Plain buffalo milk,
KEEP,KEEP,,,0.65,Y,0.93,Y,other,24,sr28,1053,"Cream, fluid, heavy whipping",,Heavy whipping cream,
KEEP,KEEP,,,0.65,Y,0.93,Y,other,18,sr28,1106,"Milk, goat, fluid, with added vitamin D",,Plain goat milk,
KEEP,KEEP,,,0.65,Y,0.93,Y,other,10,sr28,1023,"Cheese, gruyere",,Single gruyere cheese,
KEEP,KEEP,,,0.65,Y,0.93,Y,other,1,fdc_sr_legacy,170887,"Yogurt, plain, skim milk",,Plain skim yogurt,
KEEP,KEEP,,,0.65,Y,0.93,Y,other,20,sr28,1035,"Cheese, provolone",,Single provolone cheese,
KEEP,KEEP,,,0.65,Y,0.93,Y,other,33,fdc_foundation,323444,"Cheese, ricotta, whole milk",,Whole milk ricotta cheese,
KEEP,KEEP,,,0.65,Y,0.93,Y,other,20,fdc_foundation,2259796,"Cheese, feta, whole milk, crumbled",,Crumbled whole milk feta cheese,
KEEP,KEEP,,,0.65,Y,0.94,Y,other,28,sr28,1029,"Cheese, mozzarella, low moisture, part-skim",,Single mozzarella cheese,
KEEP,KEEP,,,0.65,Y,0.94,Y,other,4,sr28,1028,"Cheese, mozzarella, part skim milk",,Part-skim mozzarella cheese,
KEEP,KEEP,,,0.65,Y,0.95,Y,other,26,fdc_sr_legacy,172182,"Cheese, cottage, lowfat, 2% milkfat",,Plain lowfat cottage cheese,
KEEP,KEEP,,,0.65,Y,0.95,Y,other,28,sr28,1017,"Cheese, cream",,Plain cream cheese,
KEEP,KEEP,,,0.65,Y,0.95,Y,other,25,fdc_foundation,325036,"Cheese, parmesan, grated",,Grated parmesan cheese,
KEEP,KEEP,,,0.65,Y,0.95,Y,other,23,sr28,1227,"Cheese, dry white, queso seco",,Queso seco dry white cheese,
KEEP,KEEP,,,0.65,Y,0.95,Y,other,15,sr28,1159,"Cheese, goat, soft type",,Soft goat cheese,
KEEP,KEEP,,,0.65,Y,0.95,Y,other,17,sr28,1039,"Cheese, roquefort",,Roquefort cheese,
KEEP,KEEP,,,0.65,Y,0.95,Y,other,33,fdc_foundation,329830,"Cheese, dry white, queso seco",,Queso seco dry white cheese,
KEEP,KEEP,,,0.65,Y,0.95,Y,other,1,sr28,1165,"Cheese, mexican, queso anejo",,Queso anejo cheese,
KEEP,KEEP,,,0.65,Y,0.95,Y,other,23,fdc_sr_legacy,171265,"Milk, whole, 3.25% milkfat, with added vitamin D",,"Whole milk, clean single dairy",
KEEP,KEEP,,,0.65,Y,0.95,Y,other,23,fdc_sr_legacy,170859,"Cream, fluid, heavy whipping",,"Heavy whipping cream, single dairy",
KEEP,KEEP,,,0.65,Y,0.95,Y,other,20,sr28,1007,"Cheese, camembert",,"Camembert cheese, clean single dairy",
KEEP,KEEP,,,0.65,Y,0.95,Y,other,30,fdc_sr_legacy,170899,"Cheese, cheddar, sharp, sliced",,"Sharp cheddar, clean single dairy",
KEEP,KEEP,,,0.65,Y,0.95,Y,other,16,fdc_sr_legacy,170845,"Cheese, mozzarella, whole milk",,"Whole milk mozzarella, clean dairy",
KEEP,KEEP,,,0.65,Y,0.95,Y,other,11,sr28,1022,"Cheese, gouda",,"Gouda cheese, clean single dairy",
KEEP,KEEP,,,0.65,Y,0.95,Y,other,26,fdc_foundation,326135,"Cheese, swiss",,"Swiss cheese, clean single dairy",
KEEP,KEEP,,,0.65,Y,0.95,Y,other,23,sr28,1079,"Milk, reduced fat, fluid, 2% milkfat, with added vitamin A and vitamin D",,"2% milk, clean single dairy",
KEEP,KEEP,,,0.65,Y,0.95,Y,other,18,fdc_sr_legacy,170857,"Cream, fluid, light (coffee cream or table cream)",,"Light cream, clean single dairy",
KEEP,KEEP,,,0.65,Y,0.95,Y,other,5,sr28,1034,"Cheese, port de salut",,"Port de salut cheese, clean dairy",
KEEP,KEEP,,,0.65,Y,0.95,Y,other,19,sr28,1004,"Cheese, blue",,"Blue cheese, clean single dairy",
KEEP,KEEP,,,0.65,Y,0.95,Y,other,8,sr28,1038,"Cheese, romano",,"Romano cheese, clean single dairy",
KEEP,KEEP,,,0.65,Y,0.95,Y,other,20,fdc_sr_legacy,172205,"Milk, reduced fat, fluid, 2% milkfat, without added vitamin A and vitamin D",,"2% milk, clean single dairy",
KEEP,KEEP,,,0.65,Y,0.95,Y,other,27,fdc_sr_legacy,171244,"Cheese, mozzarella, low moisture, part-skim",,"Part-skim mozzarella, clean single dairy",
KEEP,KEEP,,,0.65,Y,0.95,Y,other,19,sr28,1030,"Cheese, muenster",,"Muenster cheese, clean single dairy",
KEEP,KEEP,,,0.65,Y,0.95,Y,other,25,sr28,1211,"Milk, whole, 3.25% milkfat, without added vitamin A and vitamin D",,"Whole milk, clean single dairy",
KEEP,KEEP,,,0.65,Y,0.95,Y,other,19,sr28,1018,"Cheese, edam",,"Edam cheese, clean single dairy",
KEEP,KEEP,,,0.65,Y,0.95,Y,other,15,sr28,1157,"Cheese, goat, semisoft type",,"Semisoft goat cheese, clean dairy",
KEEP,KEEP,,,0.65,Y,0.95,Y,other,1,sr28,1027,"Cheese, mozzarella, whole milk, low moisture",,"Whole milk mozzarella, clean dairy",
KEEP,KEEP,,,0.65,Y,0.95,Y,other,5,sr28,1016,"Cheese, cottage, lowfat, 1% milkfat",,"Plain cottage cheese, clean dairy",
KEEP,KEEP,,,0.65,Y,0.95,Y,other,34,fdc_foundation,746776,"Milk, nonfat, fluid, with added vitamin A and vitamin D (fat free or skim)",,"Nonfat fluid milk, clean dairy",
KEEP,KEEP,,,0.65,Y,0.95,Y,other,25,fdc_sr_legacy,170851,"Cheese, ricotta, whole milk",,"Whole milk ricotta, clean dairy",
KEEP,KEEP,,,0.65,Y,0.95,Y,other,13,fdc_foundation,2647441,"Cheese, oaxaca, solid",,"Oaxaca cheese, clean dairy",
KEEP,KEEP,,,0.65,Y,0.95,Y,other,12,sr28,1156,"Cheese, goat, hard type",,"Hard goat cheese, clean dairy",
KEEP,KEEP,,,0.65,Y,0.95,Y,other,12,fdc_foundation,2647442,"Cheese, queso fresco, solid",,"Queso fresco, clean dairy",
KEEP,KEEP,,,0.65,Y,0.95,Y,other,23,fdc_foundation,328841,"Cheese, cottage, lowfat, 2% milkfat",,"Plain cottage cheese, clean dairy",
KEEP,KEEP,,,0.65,Y,0.95,Y,other,26,sr28,1015,"Cheese, cottage, lowfat, 2% milkfat",,"Plain cottage cheese, clean dairy",
KEEP,KEEP,,,0.65,Y,0.95,Y,other,32,fdc_foundation,330137,"Yogurt, Greek, plain, nonfat",,"Plain Greek yogurt, clean dairy",
KEEP,KEEP,,,0.65,Y,0.95,Y,other,30,sr28,1270,"Cheese, cheddar, sharp, sliced",,"Sharp cheddar cheese, clean dairy",
KEEP,KEEP,,,0.65,Y,0.95,Y,other,36,fdc_foundation,746782,"Milk, whole, 3.25% milkfat, with added vitamin D",,"Whole milk, clean dairy",
KEEP,KEEP,,,0.65,Y,0.95,Y,other,1,fdc_sr_legacy,170886,"Yogurt, plain, low fat",,"Plain lowfat yogurt, clean dairy",
KEEP,KEEP,,,0.65,Y,0.95,Y,other,18,fdc_sr_legacy,171269,"Milk, nonfat, fluid, with added vitamin A and vitamin D (fat free or skim)",,"Nonfat fluid milk, clean dairy",
KEEP,KEEP,,,0.65,Y,0.95,Y,other,30,sr28,1009,"Cheese, cheddar",,Cheddar cheese,
KEEP,KEEP,,,0.65,Y,0.95,Y,other,27,fdc_foundation,328637,"Cheese, cheddar",,Cheddar cheese,
KEEP,KEEP,,,0.65,Y,0.95,Y,other,25,sr28,1077,"Milk, whole, 3.25% milkfat, with added vitamin D",,Whole milk,
KEEP,KEEP,,,0.65,Y,0.95,Y,other,37,fdc_foundation,746778,"Milk, reduced fat, fluid, 2% milkfat, with added vitamin A and vitamin D",,2% reduced fat milk,
KEEP,KEEP,,,0.65,Y,0.95,Y,other,35,fdc_foundation,746772,"Milk, lowfat, fluid, 1% milkfat, with added vitamin A and vitamin D",,Plain fluid milk,
KEEP,KEEP,,,0.65,Y,0.95,Y,other,23,sr28,1256,"Yogurt, Greek, plain, nonfat",,Plain nonfat Greek yogurt,
KEEP,KEEP,,,0.65,Y,0.95,Y,other,34,fdc_foundation,322559,"Milk, nonfat, fluid, with added vitamin A and vitamin D (fat free or skim)",,Plain nonfat milk,
KEEP,KEEP,,,0.65,Y,0.95,Y,other,21,sr28,1082,"Milk, lowfat, fluid, 1% milkfat, with added vitamin A and vitamin D",,Plain fluid milk,
KEEP,KEEP,,,0.65,Y,0.95,Y,other,8,sr28,1145,"Butter, without salt",,Plain unsalted butter,
KEEP,KEEP,,,0.65,Y,0.95,Y,other,15,fdc_sr_legacy,173441,"Milk, fluid, 1% fat, without added vitamin A and vitamin D",,Plain 1% milk,
KEEP,KEEP,,,0.65,Y,0.95,Y,other,20,sr28,1287,"Yogurt, Greek, plain, lowfat",,Plain lowfat Greek yogurt,
KEEP,KEEP,,,0.65,Y,0.95,Y,other,35,fdc_foundation,322228,"Milk, lowfat, fluid, 1% milkfat, with added vitamin A and vitamin D",,Plain 1% milk,
KEEP,KEEP,,,0.65,Y,0.95,Y,other,27,fdc_sr_legacy,173414,"Cheese, cheddar (Includes foods for USDA's Food Distribution Program)",,Single cheddar cheese,
KEEP,KEEP,,,0.65,Y,0.95,Y,other,28,fdc_sr_legacy,170900,"Cheese, mozzarella, low moisture, part-skim, shredded",,Plain part-skim mozzarella cheese,
KEEP,KEEP,,,0.65,Y,0.95,Y,other,21,fdc_sr_legacy,171267,"Milk, reduced fat, fluid, 2% milkfat, with added vitamin A and vitamin D",,Plain 2% fluid milk,
KEEP,KEEP,,,0.65,Y,0.95,Y,other,8,sr28,1041,"Cheese, tilsit",,"Tilsit cheese, plain",
KEEP,KEEP,,,0.65,Y,0.95,Y,other,26,sr28,1032,"Cheese, parmesan, grated",,Grated parmesan cheese,
KEEP,KEEP,,,0.65,Y,0.95,Y,other,16,fdc_foundation,2346386,"Cream, heavy",,"Heavy cream, plain",
KEEP,KEEP,,,0.65,Y,0.95,Y,other,24,sr28,1228,"Cheese, fresh, queso fresco",,"Queso fresco, plain cheese",
KEEP,KEEP,,,0.65,Y,0.95,Y,other,16,fdc_sr_legacy,173432,"Milk, nonfat, fluid, without added vitamin A and vitamin D (fat free or skim)",,Plain nonfat skim milk,
KEEP,KEEP,,,0.65,Y,0.95,Y,other,1,sr28,1118,"Yogurt, plain, skim milk, 13 grams protein per 8 ounce",,Plain skim milk yogurt,
KEEP,KEEP,,,0.65,Y,0.95,Y,other,1,sr28,1031,"Cheese, neufchatel",,"Neufchatel cheese, plain",
KEEP,KEEP,,,0.65,Y,0.95,Y,other,26,fdc_sr_legacy,171247,"Cheese, parmesan, grated",,Grated parmesan cheese,
KEEP,KEEP,,,0.65,Y,0.95,Y,other,23,sr28,1056,"Cream, sour, cultured",,"Cultured sour cream, plain",
KEEP,KEEP,,,0.65,Y,0.95,Y,other,21,sr28,1085,"Milk, nonfat, fluid, with added vitamin A and vitamin D (fat free or skim)",,Plain nonfat skim milk,
KEEP,KEEP,,,0.65,Y,0.95,Y,other,18,fdc_foundation,2259793,"Yogurt, plain, whole milk",,Plain whole milk yogurt,
KEEP,KEEP,,,0.65,Y,0.95,Y,other,23,fdc_sr_legacy,170894,"Yogurt, Greek, plain, nonfat (Includes foods for USDA's Food Distribution Program)",,Plain nonfat Greek yogurt,
KEEP,KEEP,,,0.65,Y,0.95,Y,other,20,sr28,1175,"Milk, fluid, 1% fat, without added vitamin A and vitamin D",,Plain 1% fluid milk,
KEEP,KEEP,,,0.65,Y,0.95,Y,other,36,fdc_foundation,322892,"Milk, whole, 3.25% milkfat, with added vitamin D",,"Whole fluid milk, plain",
KEEP,KEEP,,,0.65,Y,0.95,Y,other,18,fdc_foundation,2259794,"Yogurt, Greek, plain, whole milk",,Plain whole milk Greek yogurt,
KEEP,KEEP,,,0.65,Y,0.95,Y,other,8,fdc_sr_legacy,173430,"Butter, without salt",,"Unsalted butter, plain",
KEEP,KEEP,,,0.65,Y,0.97,Y,other,28,sr28,1040,"Cheese, swiss",,Plain swiss cheese,
KEEP,KEEP,,,0.65,Y,0.97,Y,other,19,sr28,1005,"Cheese, brick",,Plain brick cheese,
KEEP,KEEP,,,0.65,Y,0.97,Y,other,7,sr28,1006,"Cheese, brie",,Plain brie cheese,
KEEP,KEEP,,,0.65,Y,0.97,Y,other,14,sr28,1033,"Cheese, parmesan, hard",,Hard parmesan cheese,
KEEP,KEEP,,,0.65,Y,0.97,Y,other,10,sr28,1025,"Cheese, monterey",,Monterey cheese,
KEEP,KEEP,,,0.65,Y,0.97,Y,other,13,fdc_foundation,2647438,"Cheese, monterey jack, solid",,Solid monterey jack cheese,
KEEP,KEEP,,,0.65,Y,0.97,Y,other,23,fdc_sr_legacy,172217,"Milk, whole, 3.25% milkfat, without added vitamin A and vitamin D",,"Plain whole milk, clean dairy",
KEEP,KEEP,,,0.65,Y,0.97,Y,other,29,fdc_sr_legacy,171251,"Cheese, swiss",,"Swiss cheese, clean dairy",
KEEP,KEEP,,,0.65,Y,0.97,Y,other,26,fdc_foundation,746767,"Cheese, swiss",,"Swiss cheese, clean dairy",
