food_id,product,url_used,serving_desc,serving_g,active_form,elemental_claim,other_ingredients,coa_url,fetched_date,notes
10003,"NOW Taurine Pure Powder (8 oz, ASIN B000BQSQ68)",https://dailyvita.com/products/now-foods-taurine-pure-powder-8-oz ; https://www.swansonvitamins.com/p/now-foods-taurine-powder-8-oz-pwdr,1/4 level tsp (approx. 1 g),1.0,Taurine (Free-Form),Taurine 1000 mg/serving,None.,https://cofa.nowfoods.com/ (lot-gated),2026-08-07,DB matches label exactly; 4 g/tsp is nominal ('approx. 1 g' per 1/4 tsp). Fully organic -> ash ~0.
10004,"NOW Calcium Carbonate Pure Powder (12 oz, SKU 1245, ASIN B004421K68)",https://www.swansonvitamins.com/p/now-foods-calcium-carbonate-12-oz-pwdr ; https://advsupplements.com/products/now-foods-calcium-carbonate-pure-powder-12oz-340g,1/2 level tsp (1.7 g),1.7,"Calcium (elemental) (from 1,700 mg Calcium Carbonate)",Ca 600 mg/serving,None.,https://cofa.nowfoods.com/ (lot-gated),2026-08-07,"Label states serving = 1,700 mg CaCO3 -> 100% CaCO3; Ca 600 mg is down-rounded (theoretical 681). Older label era exists (1 tsp serving) but same 600 mg/1.7 g density."
10006,"Rx Vitamins for Pets - Rx Essentials for Cats (4 oz / 113.4 g, ASIN B0F43P71HH)",https://cdn.shopify.com/s/files/1/0631/3433/5135/files/Rx_Essentials_Cats_SS.pdf?v=1713463868 ; https://cdn.shopify.com/s/files/1/0631/3433/5135/files/8515_Rx_Essentials_for_Cats_CE.pdf?v=1713463964 ; https://drjudymorgan.com/products/rx-essentials-cat ; https://hardypaw.com/products/rx-vitamins-rx-essentials-for-cats-4-oz,"1/2 teaspoon (mass NOT stated by manufacturer; ~2.52 g by jar count 113.4 g/45 scoops, retailer-sourced; one retailer claims 4 g)",~2.52 (UNVERIFIED-CONFLICTING),Ca/K/Mg citrates; Zn picolinate; selenomethionine; Ca pantothenate; niacinamide; pyridoxine HCl; ergocalciferol (D2); d-alpha tocopheryl succinate; A palmitate; cyanocobalamin,"per 1/2 tsp: Ca 25 mg, K 20 mg, Mg 1.75 mg, Zn 1 mg, Se 1 ug, A 250 IU, D2 50 IU, E 5 IU, B1 2 mg, B2 2 mg, pantothenate 5 mg, niacinamide 2 mg, B6 2 mg, folic 2 ug, biotin 2 ug, B12 2 ug, taurine 50 mg, vit C 20 mg, spirulina 25 mg, milk thistle 10 mg, GLA 5 mg, L-methionine 5 mg, PABA 1 mg, kelp 25 ug","Deck (retailer order, manufacturer publishes none): Unrefined Molasses Crystals, Defatted/Desiccated Beef Liver, Maltodextrin, Calcium Citrate, L-Taurine, Borage Oil, Potassium Citrate, Spirulina, Vitamin C, Milk Thistle, Magnesium Citrate, Calcium Pantothenate, L-Methionine, D-Alpha Tocopheryl Succinate, Zinc Picolinate, Pyridoxine HCl, Thiamine HCl, Riboflavin, Niacinamide, Vitamin A Palmitate, PABA, Cyanocobalamin, Biotin, Selenomethionine, Vitamin D (Ergocalciferol), Kelp, Chicory Root Extract, Folic Acid",none (NASC seal only),2026-08-07,"BUG 0.5: DB books these amounts per 1 tsp = 4 g; manufacturer says per 1/2 tsp. DB also missing label items (vit C, PABA, spirulina, milk thistle, GLA, kelp-iodine) and calls niacinamide 'niacin', D2 'vitamin D'."
10008,Homemade KI stock solution (no label; user-made),n/a,1 mL,1.0,Potassium iodide in water,I 765 ug/mL (user formulation),Distilled water,n/a,2026-08-07,No label; composition from user formulation records + stoichiometry.
10011,"Pure Encapsulations Manganese (aspartate/citrate) (60 caps, ASIN B000H6UM2S)",https://supplementfirst.com/products/pure-encapsulations-manganese-aspartate-citrate ; https://pinestreetclinic.com/products/pure-encapsulations-manganese-aspartate-citrate,1 vegetarian capsule,"0.1662 (DB, label-unverified)",Manganese (as manganese aspartate and 50% as manganese citrate),Mn 8 mg/capsule,"Hypoallergenic plant fiber (cellulose), vegetarian capsule (cellulose, water)",none public (by-request),2026-08-07,"Dual salt form (aspartate/citrate), not single-salt; residue depends only on Mn -> ash calc unaffected. Cellulose-only excipients."
10015,"NOW Vitamin E Liquid (1 fl oz, SKU 0910, ASIN B001F0QW9M)",https://www.nowfoods.com/products/supplements/vitamin-e-liquid,6 drops (0.2 mL),"0.0315/drop (DB, density-derived, label-unverified)","Vitamin E (as d-alpha Tocopherol), from non-GMO soy",60 mg (90 IU) per 6 drops = 14.9 IU/drop,Organic Extra Virgin Olive Oil,https://cofa.nowfoods.com/ (lot-gated),2026-08-07,Pure oil system -> ash ~0. DB IU/drop consistent with label.
10022,"NOW Iron 18 mg Veg Capsules (SKU 1443, ASIN B000WQDD2O)",https://www.nowfoods.com/products/supplements/iron-18-mg-veg-capsules,1 veg capsule,"0.3984 (DB, label-unverified)",Iron (elemental) (from 90 mg Ferrous Bisglycinate) (Ferrochel),Fe 18 mg/capsule,"Rice Flour, Hypromellose (cellulose capsule), Stearic Acid (vegetable source) and Silicon Dioxide",https://cofa.nowfoods.com/ (lot-gated),2026-08-07,Ferrochel confirmed (18/90 = 20% Fe). SiO2 present -> counts fully toward ash.
10023,"Pure Encapsulations Copper (glycinate) (60 caps, ASIN B000H7Y6J2)",https://supplementfirst.com/products/pure-encapsulations-copper-glycinate ; https://pinestreetclinic.com/products/pure-encapsulations-copper-glycinate-60-capsules,1 vegetarian capsule,"0.1510 (DB, label-unverified)",Copper (as copper glycinate),Cu 2 mg/capsule,"Hypoallergenic plant fiber (cellulose), vegetarian capsule (cellulose, water)",none public (by-request),2026-08-07,Cellulose-only excipients (no SiO2).
10024,"BulkSupplements Zinc Gluconate Powder (ASIN B00GW1C4DW, SKU X000IXPXHP)",https://dsld.od.nih.gov/label/311924 ; https://wholesale.bulksupplements.com/products/zinc-gluconate-powder,285 mg,0.285,"Zinc (as Zinc Gluconate); assay NLT 90% zinc gluconate, NLT 12.3% Zn",Zn 40 mg/serving (14.0%),None,by request: https://bulksupplements.com/pages/coa-request,2026-08-07,NIH DSLD label record; pure powder confirmed.
10025,"Morton Iodized Table Salt (26 oz, UPC 0024600010030)",https://www.mortonsalt.com/article/morton-iodized-table-salt-nutritional-facts/ ; https://world.openfoodfacts.org/product/0024600010030 ; https://www.mortonsalt.com/faq/,1/4 tsp (1.5 g),1.5,NaCl + KI (iodide stabilized with dextrose),Na 590 mg/serving; iodine 45% DV (~67.5 ug),"salt, calcium silicate, dextrose, potassium iodide (order verbatim); Morton FAQ: calcium silicate <0.5%, dextrose 0.04%",none,2026-08-07,Matches DB exactly (post Phase 0.1 fix).
10032,"NOW Choline 300 mg Veg Capsules (SKU 0506, ASIN B0DW2636DW)",https://www.nowfoods.com/products/supplements/choline-300-mg-veg-capsules,1 veg capsule,"0.8174 (DB, label-unverified)",Choline (from 730 mg Choline Bitartrate),Choline 300 mg/capsule,"Hypromellose (cellulose capsule), Ascorbyl Palmitate and Silicon Dioxide",https://cofa.nowfoods.com/ (lot-gated),2026-08-07,Bitartrate arithmetic exact (730 x 41.1% = 300). Organic active; only SiO2 + shell contribute ash.
10034,"MaryRuth's Iodine Liquid Drops, Potassium Iodide (1 fl oz, 450 servings)",https://www.wholefoodsmarket.com/grocery/product/mary-ruths-organic-iodine-drops-b07p4m7rhz ; https://www.maryruthorganics.com/products/iodine-liquid-drops,2 drops (0.07 mL),"0.0413/drop (DB, density-derived ~1.18 g/mL, label-unverified)",Iodine (as Potassium Iodide),I 250 ug per 2 drops (125 ug/drop),Organic Vegetable Glycerin and Purified Water,none,2026-08-07,DB iodine consistent; existing stoichiometric ash 0.000164 g/drop confirmed correct.
10039,"NOW Zinc 50 mg Tablets (zinc gluconate, SKU 1520, ASIN B009K6TN08)",https://www.nowfoods.com/products/supplements/zinc-50-mg-tablets,1 tablet,"0.5303 (DB, label-unverified)",Zinc (elemental) (from 403 mg Zinc Gluconate),Zn 50 mg/tablet,"Microcrystalline Cellulose, Vegetarian Coating, Magnesium Stearate (vegetable source) and Silicon Dioxide",https://cofa.nowfoods.com/ (lot-gated),2026-08-07,50/403 = 12.4% Zn implies hydrate/overage; residue anchored on elemental Zn.
10040,"NOW Potassium Gluconate 99 mg Tablets (SKU 1460, ASIN B00028M030)",https://www.nowfoods.com/products/supplements/potassium-gluconate-99-mg-tablets,1 tablet,"0.700 (DB, label-unverified)",Potassium (elemental) (from 619 mg Potassium Gluconate),K 99 mg/tablet,"Microcrystalline Cellulose, Stearic Acid (vegetable source), Silicon Dioxide and Magnesium Stearate (vegetable source)",https://cofa.nowfoods.com/ (lot-gated),2026-08-07,619 mg gluconate + ~81 mg excipients ~= 700 mg DB tablet mass (consistent).
10041,"NOW Potassium Citrate Powder (12 oz, SKU 1446, ASIN B075JLK8YK)",https://www.nowfoods.com/products/supplements/potassium-citrate-powder,1/4 level tsp (approx. 1.4 g),1.4,"Potassium (elemental) (from 1,400 mg Potassium Citrate)",K 448 mg/serving,None.,https://cofa.nowfoods.com/ (lot-gated),2026-08-07,"Serving = 1,400 mg compound -> 100% K citrate. Hydrate form unverified (label K 32% < both anhydrous 38.3% and monohydrate 36.2% theoretical)."
10051,"Carlson Wild Norwegian Cod Liver Oil Gems 1000 mg, 100 softgels (CAR-01301, UPC 088395013010)",https://www.iherb.com/pr/carlson-wild-norwegian-cod-liver-oil-gems-1-000-mg-100-soft-gels/23288,1 softgel (1000 mg CLO fill),1.0,"Cod liver oil (triglyceride); vit A as retinyl palmitate + CLO retinol; D3; d-alpha tocopherol","Vit A 600 mcg RAE; Vit D 10 mcg; Vit E 6.7 mg; omega-3 250 mg (EPA 80, DHA 100)","Soft gel shell (beef gelatin, glycerin, water), soybean oil - SHELL DISCARDED per feeding instruction; values are fill-only",,2026-08-19,"SOFTGEL (liquid version exists). grams_per_unit=1.0 is the label fill mass, not verified by weighing. Undeclared FAs borrowed from SR 173577 x0.01."
10052,"NOW Foods Liquid Vitamin D-3, 2 fl oz/59 ml (NOW-00370, UPC 733739003706)",https://www.iherb.com/pr/now-foods-liquid-vitamin-d-3-2-fl-oz-59-ml/14060,4 drops (approx. 0.112 ml) = 400 IU; DB basis 1 drop = 100 IU,0.0263,"D3 cholecalciferol (from lanolin) in MCT + safflower oil","Vitamin D 10 mcg (400 IU) per 4-drop serving","MCT oil (coconut/palm kernel), safflower oil - carrier only, no other actives",,2026-08-19,"LIQUID (softgel variants exist). Drop mass 0.0263 g ESTIMATED (0.028 ml x 0.94 g/ml), not weighed. ~2108 drops/bottle; $6.14 -> $0.0029/drop."
10053,"Vital Pet Life Salmon Oil for Dogs & Cats, 8 fl oz/237 mL (ASIN B07RSZ96C3, model 001-003)",https://www.amazon.com/Salmon-Oil-Dogs-Cats-8oz/dp/B07RSZ96C3,1 mL (pump = 2.5 mL); GA per 5 mL,0.889,"Salmon oil (single ingredient)","GA: fat 99% min; per 5 mL omega-3 780 mg (EPA 220, DHA 260), omega-9 1300; ME 9000 kcal/kg","None - pure salmon oil",,2026-08-25,"LIQUID pump. Density 0.889 g/mL DERIVED from label calorie math, not weighed. Minor FAs = SR 172343 fractions x0.497 label-ratio. GA read from listing images."
10062,"NuNaturals Non-Fortified Nutritional Yeast Flakes, 1.5 lb/681 g (NNS-00984, UPC 739223009841)",https://www.iherb.com/pr/nunaturals-non-fortified-nutritional-yeast-flakes-1-5-lb-681-g/112132,2 heaping tbsp (9 g); DB basis 1 tbsp = 4.5 g (portion 22.2222 tbsp = 100 g),9.0,"Deactivated dried yeast (S. cerevisiae), non-fortified","Per 9 g: protein 4 g, fiber 2 g, K 198 mg, Fe 0.36 mg, B1 15% DV, B2 42% DV, B3 3 mg, B5 1 mg, folate 180 mcg DFE, biotin 2 mcg, choline 18 mg",None - single ingredient.,,2026-09-05,"Product of Estonia. TWO label printings disagree on B1/B2 AMOUNTS (.1 vs 1; .5 vs 1) while %DVs are invariant -> B1/B2 derived from %DV. Conservative min(label, table) rule applied to B-rows per ConsumerLab 2025 (9/10 label failures; uncredited claims recorded in row comments). 4.5 g/tbsp is heaping-tbsp label math, unweighed - HALF Sari 10026's 8 g/tbsp; tbsp NOT interchangeable between yeasts."
10063,"NOW Foods Nutritional Yeast Flakes (FORTIFIED), 10 oz/284 g (iHerb #688)",https://www.iherb.com/pr/now-foods-nutritional-yeast-flakes-10-oz-284-g/688,2 level tbsp (9 g); DB basis 1 tbsp = 4.5 g (portion 22.2222 tbsp = 100 g),9.0,"Deactivated S. cerevisiae FORTIFIED with thiamin, riboflavin, niacin, B6, B12 (cyanocobalamin), folic acid","Per 9 g: protein 5 g, fiber 2 g, K 180 mg, Fe 0.5 mg, B1 6 mg (500% DV), B2 6 mg, B3 32 mg, B6 6 mg, B12 14 mcg, folate 675 mcg DFE (405 mcg folic acid); vit D 0, no Se/Zn declared","Fortification premix; no Se-yeast, no added minerals.",,2026-09-05,"FORTIFIED DOCTRINE ESTABLISHED: added synthetic vitamins credited at label spec (corrector delivered-spec precedent); natural rows keep min(label,table). Max screen passed: Fe 1.0 / Se 1.4 µg / Zn 1.5 per 1000 kcal at 3% vs hard maxes 68.2/56.8/22.7; vit D 0 explicit (tightest max 227 IU). CL fortified caveats (folate/B6/B12 shortfalls) noted in row comments - shortfalls only widen compliance margin. Chosen over Bragg (tiny pack, highest B6) and Bob's Red Mill (folic acid 3x outlier). Solves the SG/NuNaturals thiamin infeasibility: ~12 mg B1/1000 kcal at 3% vs 1.47 min. All %DVs verified amount-coherent. Price $13.47 list -> 0.0474/g = 0.2134/tbsp."
